Config(simulationDelay=0, popSize=3000, elitismPercentage=0.15, tournamentSize=3, tournamentAmount=36, maxGenerations=6000, maxStagnation=1000, crossoverSwapAmount=4, crossoverChance=0.73, mutationChance=0.45), Dimensions(width=2150, height=1100, doorX=800, doorHeight=750, doorWidth=500)
0,60710,66
1,54357,142
2,54357,211
3,52074,290
4,45981,370
5,39107,448
6,39107,540
7,39107,611
8,36624,692
9,36624,775
10,34632,874
11,30883,962
12,30883,1047
13,30596,1137
14,22350,1225
15,22350,1309
16,22350,1401
17,22350,1480
18,22350,1565
19,22350,1651
20,22350,1737
21,22350,1822
22,21522,1912
23,21022,1996
24,21022,2069
25,21022,2171
26,21022,2247
27,20934,2331
28,19268,2413
29,19268,2500
30,19268,2584
31,19268,2667
32,19025,2754
33,19025,2831
34,18298,2909
35,18298,2997
36,18298,3070
37,18298,3145
38,18298,3218
39,18298,3291
40,17964,3371
41,17964,3446
42,16810,3529
43,16434,3608
44,16434,3682
45,16434,3766
46,16434,3840
47,16314,3923
48,15631,4008
49,15631,4083
50,15631,4159
51,15631,4237
52,15631,4312
53,15631,4387
54,14781,4504
55,14781,4583
56,14781,4660
57,14781,4736
58,14781,4813
59,14781,4893
60,14261,4985
61,14261,5066
62,14131,5153
63,14068,5241
64,13282,5335
65,13282,5417
66,13282,5512
67,12487,5616
68,12487,5729
69,12487,5818
70,12487,5902
71,12487,6021
72,12487,6159
73,12487,6379
74,12348,6566
75,12348,6770
76,12187,6963
77,12187,7093
78,12187,7209
79,11673,7319
80,11378,7418
81,10439,7510
82,10439,7621
83,10439,7702
84,10439,7783
85,10439,7865
86,10387,7965
87,10387,8050
88,10387,8137
89,10387,8218
90,10387,8304
91,10387,8386
92,10387,8487
93,10387,8579
94,9927,8679
95,9706,8777
96,9706,8859
97,9706,8943
98,9706,9028
99,9706,9110
100,9706,9192
101,9306,9307
102,9210,9397
103,9210,9482
104,9210,9561
105,9210,9649
106,8867,9737
107,8867,9817
108,8867,9897
109,8867,9981
110,8867,10094
111,8867,10174
112,8867,10255
113,8867,10335
114,8679,10424
115,8505,10518
116,8505,10612
117,7922,10705
118,7922,10788
119,7922,10875
120,7922,10963
121,7922,11044
122,7922,11127
123,7922,11211
124,7922,11295
125,7922,11379
126,7922,11475
127,7922,11567
128,7922,11659
129,7922,11777
130,7922,11862
131,7466,11962
132,7466,12052
133,7466,12136
134,7466,12220
135,7466,12305
136,7450,12405
137,7450,12501
138,6875,12628
139,6875,12720
140,6875,12804
141,6875,12887
142,6875,12973
143,6875,13056
144,6875,13139
145,6875,13220
146,6875,13300
147,6778,13391
148,6778,13477
149,6778,13563
150,6778,13647
151,6778,13731
152,6778,13817
153,6778,13904
154,6778,14009
155,6712,14114
156,6712,14198
157,6712,14308
158,6712,14393
159,6712,14484
160,6712,14571
161,6702,14666
162,6702,14752
163,6513,14840
164,6513,14922
165,6513,15009
166,6513,15092
167,6453,15202
168,6363,15289
169,6363,15369
170,6356,15467
171,6356,15546
172,5943,15638
173,5943,15717
174,5943,15797
175,5772,15886
176,5532,15998
177,5532,16078
178,5502,16166
179,5502,16249
180,5502,16329
181,5502,16410
182,5502,16493
183,5502,16574
184,5502,16655
185,5297,16749
186,5297,16836
187,5297,16918
188,5297,17000
189,5297,17082
190,5297,17163
191,5297,17244
192,5297,17324
193,5297,17411
194,5297,17502
195,5170,17623
196,4855,17719
197,4855,17800
198,4855,17881
199,4855,17964
200,4855,18048
201,4855,18131
202,4855,18213
203,4855,18298
204,4839,18394
205,4839,18481
206,4839,18562
207,4839,18659
208,4839,18751
209,4839,18833
210,4839,18919
211,4830,19011
212,4830,19093
213,4830,19177
214,4830,19286
215,4775,19378
216,4775,19466
217,4586,19557
218,4218,19645
219,4218,19727
220,4218,19814
221,4218,19896
222,4218,19982
223,4218,20064
224,4218,20151
225,4218,20234
226,4218,20317
227,4218,20405
228,4218,20498
229,4218,20594
230,4218,20685
231,4154,20782
232,4154,20869
233,4154,21039
234,4025,21157
235,4025,21247
236,4025,21338
237,4025,21426
238,3977,21522
239,3977,21610
240,3850,21703
241,3850,21790
242,3850,21907
243,3850,21993
244,3850,22076
245,3850,22162
246,3826,22259
247,3826,22347
248,3826,22449
249,3826,22545
250,3744,22643
251,3744,22737
252,3713,22848
253,3560,22944
254,3560,23032
255,3560,23120
256,3560,23207
257,3472,23302
258,3472,23395
259,3460,23500
260,3460,23595
261,3460,23712
262,3441,23807
263,3403,23899
264,3328,23989
265,3328,24078
266,3328,24162
267,3328,24247
268,3264,24342
269,3264,24428
270,3264,24542
271,3264,24629
272,3260,24722
273,3252,24813
274,3236,24908
275,3207,24998
276,3207,25083
277,3113,25184
278,3113,25269
279,3113,25385
280,3113,25479
281,3070,25580
282,3070,25668
283,2995,25764
284,2995,25849
285,2992,25941
286,2992,26034
287,2894,26127
288,2894,26246
289,2779,26344
290,2779,26442
291,2779,26537
292,2779,26631
293,2779,26722
294,2779,26806
295,2779,26890
296,2779,26976
297,2779,27059
298,2749,27159
299,2749,27243
300,2749,27338
301,2749,27425
302,2749,27513
303,2705,27607
304,2705,27689
305,2704,27778
306,2704,27866
307,2653,27982
308,2653,28065
309,2653,28150
310,2641,28251
311,2608,28353
312,2566,28444
313,2566,28528
314,2566,28612
315,2566,28697
316,2550,28820
317,2447,28914
318,2447,29001
319,2447,29086
320,2447,29170
321,2415,29262
322,2415,29347
323,2415,29444
324,2415,29536
325,2415,29627
326,2415,29722
327,2415,29806
328,2415,29891
329,2403,29987
330,2403,30070
331,2403,30153
332,2403,30236
333,2403,30322
334,2370,30415
335,2370,30525
336,2370,30616
337,2270,30712
338,2270,30800
339,2270,30891
340,2270,30982
341,2253,31098
342,2253,31187
343,2253,31273
344,2213,31402
345,2201,31498
346,2201,31585
347,2195,31680
348,2154,31779
349,2154,31867
350,2154,31953
351,2154,32040
352,2154,32128
353,2154,32214
354,2154,32305
355,2154,32401
356,2137,32506
357,2137,32599
358,2122,32699
359,2122,32783
360,2122,32868
361,2122,32957
362,2112,33050
363,2112,33163
364,2097,33259
365,2097,33342
366,2086,33434
367,2086,33518
368,2086,33603
369,2086,33688
370,2064,33780
371,2064,33866
372,2047,33992
373,2047,34076
374,2047,34162
375,2047,34246
376,2035,34338
377,2005,34433
378,2005,34519
379,2005,34603
380,1993,34694
381,1993,34783
382,1993,34871
383,1988,34965
384,1988,35054
385,1941,35147
386,1941,35233
387,1941,35320
388,1941,35420
389,1941,35514
390,1941,35621
391,1941,35741
392,1941,35833
393,1940,35976
394,1940,36083
395,1932,36179
396,1921,36273
397,1921,36357
398,1921,36443
399,1889,36537
400,1889,36653
401,1889,36738
402,1851,36831
403,1851,36919
404,1851,37006
405,1851,37092
406,1851,37178
407,1851,37263
408,1851,37352
409,1851,37439
410,1851,37534
411,1851,37620
412,1832,37714
413,1832,37800
414,1832,37887
415,1832,37975
416,1820,38065
417,1820,38151
418,1808,38244
419,1808,38364
420,1808,38465
421,1808,38563
422,1806,38662
423,1806,38747
424,1805,38838
425,1778,38929
426,1778,39014
427,1778,39099
428,1772,39224
429,1763,39316
430,1763,39400
431,1763,39490
432,1763,39577
433,1758,39669
434,1743,39760
435,1743,39849
436,1743,39935
437,1743,40021
438,1724,40119
439,1724,40205
440,1712,40299
441,1712,40384
442,1700,40485
443,1700,40571
444,1700,40656
445,1700,40742
446,1692,40838
447,1692,40947
448,1684,41041
449,1673,41133
450,1673,41216
451,1661,41308
452,1661,41403
453,1661,41495
454,1660,41595
455,1660,41686
456,1660,41803
457,1660,41890
458,1641,41985
459,1641,42071
460,1641,42156
461,1641,42244
462,1641,42336
463,1641,42428
464,1641,42523
465,1641,42614
466,1641,42705
467,1641,42789
468,1641,42876
469,1641,42965
470,1641,43049
471,1626,43143
472,1626,43227
473,1626,43313
474,1626,43399
475,1626,43514
476,1626,43600
477,1626,43686
478,1621,43800
479,1621,43888
480,1621,43976
481,1621,44062
482,1621,44149
483,1621,44233
484,1621,44320
485,1621,44417
486,1621,44511
487,1621,44602
488,1621,44691
489,1621,44779
490,1621,44867
491,1617,44958
492,1617,45044
493,1617,45129
494,1617,45241
495,1617,45330
496,1617,45415
497,1617,45500
498,1617,45585
499,1606,45679
500,1606,45763
501,1606,45847
502,1606,45936
503,1606,46021
504,1592,46117
505,1592,46203
506,1592,46288
507,1592,46374
508,1592,46462
509,1592,46548
510,1592,46632
511,1591,46733
512,1591,46821
513,1591,46935
514,1591,47019
515,1591,47108
516,1591,47193
517,1591,47279
518,1591,47377
519,1589,47478
520,1579,47587
521,1577,47681
522,1577,47767
523,1568,47866
524,1568,47953
525,1568,48045
526,1568,48128
527,1568,48214
528,1568,48303
529,1568,48388
530,1568,48475
531,1568,48560
532,1568,48673
533,1568,48759
534,1568,48845
535,1565,48939
536,1565,49026
537,1565,49111
538,1565,49198
539,1554,49291
540,1554,49381
541,1554,49468
542,1542,49568
543,1542,49653
544,1542,49738
545,1542,49827
546,1542,49912
547,1542,49997
548,1542,50085
549,1542,50171
550,1542,50257
551,1542,50380
552,1542,50479
553,1542,50574
554,1542,50662
555,1542,50751
556,1542,50889
557,1530,51028
558,1528,51120
559,1528,51208
560,1528,51293
561,1528,51382
562,1528,51473
563,1528,51562
564,1528,51651
565,1528,51740
566,1528,51829
567,1528,51917
568,1528,52006
569,1528,52095
570,1528,52208
571,1528,52294
572,1528,52388
573,1528,52483
574,1528,52577
575,1528,52664
576,1528,52751
577,1516,52845
578,1516,52932
579,1516,53022
580,1516,53115
581,1516,53198
582,1516,53286
583,1516,53385
584,1516,53481
585,1516,53577
586,1516,53668
587,1516,53756
588,1516,53844
589,1516,53961
590,1516,54044
591,1516,54128
592,1516,54212
593,1516,54299
594,1516,54384
595,1516,54471
596,1516,54555
597,1516,54643
598,1515,54736
599,1515,54838
600,1515,54930
601,1515,55015
602,1515,55099
603,1515,55187
604,1515,55273
605,1515,55358
606,1515,55450
607,1515,55539
608,1515,55657
609,1515,55742
610,1501,55853
611,1501,55944
612,1501,56031
613,1501,56123
614,1501,56210
615,1501,56308
616,1501,56401
617,1491,56497
618,1491,56597
619,1491,56686
620,1491,56772
621,1491,56859
622,1491,56948
623,1486,57046
624,1486,57133
625,1486,57223
626,1486,57324
627,1486,57443
628,1486,57528
629,1486,57616
630,1486,57701
631,1486,57787
632,1486,57878
633,1486,57965
634,1471,58060
635,1471,58148
636,1471,58235
637,1471,58331
638,1471,58416
639,1471,58503
640,1471,58588
641,1471,58673
642,1471,58758
643,1471,58846
644,1471,58932
645,1471,59018
646,1471,59132
647,1456,59227
648,1456,59321
649,1456,59414
650,1456,59507
651,1456,59603
652,1456,59692
653,1456,59777
654,1453,59870
655,1441,59960
656,1441,60051
657,1441,60139
658,1441,60224
659,1441,60311
660,1441,60396
661,1441,60484
662,1441,60570
663,1441,60654
664,1441,60740
665,1441,60855
666,1441,60943
667,1441,61027
668,1441,61112
669,1441,61199
670,1441,61283
671,1441,61368
672,1437,61461
673,1437,61546
674,1437,61632
675,1437,61728
676,1437,61816
677,1437,61902
678,1437,61988
679,1437,62075
680,1437,62162
681,1437,62248
682,1437,62346
683,1437,62440
684,1437,62558
685,1437,62648
686,1437,62736
687,1437,62822
688,1437,62908
689,1437,62996
690,1437,63081
691,1437,63167
692,1437,63255
693,1437,63341
694,1437,63432
695,1437,63519
696,1437,63607
697,1437,63694
698,1437,63781
699,1437,63869
700,1437,63957
701,1433,64051
702,1433,64137
703,1431,64256
704,1431,64343
705,1431,64430
706,1431,64517
707,1431,64605
708,1431,64693
709,1431,64780
710,1431,64869
711,1431,64957
712,1431,65045
713,1431,65134
714,1431,65222
715,1431,65315
716,1431,65409
717,1431,65512
718,1431,65603
719,1431,65693
720,1431,65788
721,1431,65922
722,1415,66057
723,1415,66148
724,1415,66235
725,1415,66321
726,1415,66409
727,1415,66494
728,1415,66580
729,1415,66667
730,1415,66754
731,1415,66840
732,1415,66934
733,1415,67021
734,1415,67107
735,1415,67191
736,1415,67279
737,1415,67365
738,1415,67453
739,1415,67538
740,1415,67630
741,1415,67743
742,1415,67827
743,1415,67912
744,1415,67996
745,1415,68080
746,1415,68166
747,1415,68253
748,1415,68350
749,1415,68443
750,1415,68536
751,1415,68629
752,1415,68717
753,1415,68803
754,1415,68891
755,1411,68990
756,1411,69077
757,1411,69163
758,1411,69249
759,1411,69337
760,1411,69453
761,1411,69539
762,1411,69625
763,1411,69714
764,1411,69801
765,1411,69889
766,1411,69977
767,1400,70071
768,1400,70157
769,1400,70246
770,1400,70338
771,1400,70428
772,1400,70514
773,1400,70600
774,1400,70685
775,1400,70770
776,1400,70857
777,1400,70945
778,1400,71029
779,1400,71143
780,1400,71229
781,1396,71329
782,1396,71426
783,1396,71523
784,1396,71614
785,1396,71701
786,1396,71793
787,1396,71887
788,1396,71978
789,1396,72074
790,1396,72160
791,1396,72255
792,1396,72347
793,1396,72446
794,1396,72542
795,1396,72634
796,1396,72724
797,1396,72811
798,1396,72931
799,1396,73018
800,1396,73104
801,1396,73190
802,1396,73278
803,1396,73366
804,1396,73458
805,1396,73546
806,1396,73634
807,1396,73724
808,1396,73817
809,1396,73905
810,1367,74001
811,1367,74092
812,1367,74176
813,1367,74270
814,1367,74365
815,1367,74460
816,1367,74564
817,1367,74694
818,1367,74781
819,1367,74868
820,1367,74960
821,1367,75046
822,1367,75132
823,1367,75219
824,1367,75306
825,1367,75392
826,1367,75478
827,1367,75572
828,1367,75656
829,1367,75740
830,1367,75826
831,1367,75913
832,1367,75997
833,1367,76082
834,1367,76170
835,1367,76256
836,1367,76368
837,1367,76459
838,1367,76543
839,1367,76628
840,1367,76712
841,1367,76798
842,1367,76884
843,1367,76972
844,1367,77058
845,1367,77143
846,1367,77235
847,1367,77333
848,1367,77425
849,1367,77519
850,1367,77606
851,1367,77694
852,1367,77780
853,1367,77868
854,1367,77956
855,1367,78075
856,1367,78161
857,1367,78249
858,1357,78355
859,1357,78445
860,1357,78532
861,1357,78624
862,1357,78711
863,1357,78796
864,1357,78883
865,1357,78979
866,1357,79062
867,1357,79148
868,1357,79235
869,1357,79326
870,1357,79411
871,1357,79499
872,1357,79585
873,1357,79672
874,1357,79790
875,1357,79876
876,1357,79963
877,1357,80052
878,1357,80136
879,1357,80224
880,1357,80320
881,1357,80411
882,1357,80510
883,1357,80599
884,1353,80700
885,1353,80818
886,1353,80944
887,1353,81041
888,1353,81128
889,1353,81216
890,1338,81312
891,1338,81396
892,1338,81484
893,1338,81615
894,1338,81699
895,1338,81785
896,1338,81873
897,1338,81962
898,1338,82048
899,1338,82134
900,1338,82224
901,1338,82317
902,1338,82409
903,1338,82509
904,1338,82597
905,1338,82684
906,1338,82771
907,1338,82862
908,1338,82954
909,1338,83057
910,1338,83147
911,1338,83239
912,1338,83363
913,1338,83463
914,1338,83554
915,1338,83641
916,1338,83731
917,1338,83818
918,1338,83904
919,1338,83994
920,1338,84081
921,1338,84167
922,1338,84263
923,1338,84352
924,1338,84441
925,1338,84527
926,1338,84616
927,1338,84703
928,1338,84790
929,1338,84878
930,1338,84968
931,1338,85087
932,1338,85174
933,1338,85262
934,1338,85362
935,1338,85452
936,1338,85541
937,1323,85634
938,1323,85724
939,1323,85813
940,1323,85904
941,1323,85997
942,1323,86088
943,1323,86176
944,1323,86274
945,1323,86374
946,1323,86474
947,1323,86568
948,1323,86658
949,1323,86746
950,1323,86864
951,1323,86955
952,1323,87043
953,1323,87125
954,1323,87223
955,1323,87311
956,1323,87397
957,1323,87485
958,1323,87573
959,1323,87660
960,1319,87760
961,1319,87852
962,1319,87941
963,1319,88026
964,1319,88115
965,1319,88204
966,1319,88291
967,1319,88377
968,1319,88468
969,1319,88582
970,1319,88669
971,1319,88756
972,1319,88844
973,1319,88934
974,1319,89021
975,1319,89108
976,1319,89194
977,1319,89294
978,1319,89388
979,1319,89488
980,1319,89578
981,1319,89665
982,1304,89758
983,1304,89845
984,1304,89937
985,1275,90027
986,1275,90112
987,1275,90201
988,1275,90314
989,1275,90401
990,1275,90488
991,1275,90574
992,1275,90660
993,1275,90746
994,1260,90840
995,1260,90929
996,1260,91013
997,1260,91101
998,1260,91195
999,1260,91281
1000,1260,91366
1001,1260,91455
1002,1260,91539
1003,1260,91625
1004,1260,91714
1005,1260,91798
1006,1260,91883
1007,1260,91998
1008,1260,92084
1009,1260,92169
1010,1260,92263
1011,1260,92354
1012,1260,92449
1013,1260,92538
1014,1260,92624
1015,1260,92709
1016,1260,92795
1017,1260,92890
1018,1260,92975
1019,1260,93059
1020,1260,93144
1021,1260,93233
1022,1260,93321
1023,1260,93406
1024,1260,93494
1025,1260,93580
1026,1260,93694
1027,1260,93782
1028,1260,93866
1029,1260,93954
1030,1260,94038
1031,1260,94124
1032,1260,94209
1033,1260,94295
1034,1260,94380
1035,1260,94467
1036,1260,94556
1037,1260,94646
1038,1260,94733
1039,1260,94820
1040,1260,94905
1041,1260,94993
1042,1260,95079
1043,1252,95172
1044,1252,95269
1045,1252,95396
1046,1252,95503
1047,1252,95591
1048,1252,95677
1049,1252,95794
1050,1252,95921
1051,1252,96011
1052,1252,96098
1053,1252,96185
1054,1252,96271
1055,1252,96362
1056,1252,96451
1057,1252,96537
1058,1237,96642
1059,1237,96727
1060,1237,96820
1061,1237,96905
1062,1228,96995
1063,1228,97081
1064,1228,97196
1065,1228,97286
1066,1228,97377
1067,1228,97467
1068,1228,97557
1069,1228,97645
1070,1228,97736
1071,1228,97826
1072,1220,97927
1073,1220,98017
1074,1213,98114
1075,1213,98208
1076,1213,98302
1077,1213,98395
1078,1213,98487
1079,1213,98577
1080,1213,98662
1081,1213,98747
1082,1213,98836
1083,1213,98952
1084,1213,99036
1085,1213,99122
1086,1213,99211
1087,1213,99296
1088,1202,99388
1089,1202,99475
1090,1202,99559
1091,1202,99644
1092,1202,99729
1093,1202,99832
1094,1202,99919
1095,1202,100002
1096,1187,100097
1097,1187,100183
1098,1187,100268
1099,1184,100366
1100,1184,100456
1101,1184,100541
1102,1184,100657
1103,1184,100744
1104,1184,100834
1105,1184,100920
1106,1184,101005
1107,1184,101090
1108,1184,101175
1109,1184,101271
1110,1184,101365
1111,1184,101459
1112,1184,101551
1113,1184,101638
1114,1184,101724
1115,1184,101811
1116,1184,101899
1117,1184,101985
1118,1184,102071
1119,1184,102166
1120,1184,102262
1121,1184,102388
1122,1184,102484
1123,1184,102571
1124,1184,102658
1125,1184,102747
1126,1184,102837
1127,1184,102925
1128,1127,103019
1129,1127,103107
1130,1127,103194
1131,1127,103289
1132,1127,103378
1133,1127,103465
1134,1127,103550
1135,1127,103636
1136,1127,103730
1137,1127,103817
1138,1127,103903
1139,1127,103992
1140,1127,104105
1141,1127,104198
1142,1127,104292
1143,1127,104385
1144,1127,104478
1145,1127,104567
1146,1127,104660
1147,1127,104746
1148,1127,104834
1149,1127,104922
1150,1127,105012
1151,1127,105096
1152,1127,105183
1153,1127,105268
1154,1127,105352
1155,1127,105440
1156,1127,105526
1157,1127,105611
1158,1127,105696
1159,1127,105813
1160,1127,105899
1161,1127,105984
1162,1127,106071
1163,1127,106156
1164,1127,106242
1165,1127,106326
1166,1127,106415
1167,1127,106499
1168,1127,106584
1169,1127,106679
1170,1127,106764
1171,1127,106849
1172,1127,106937
1173,1127,107022
1174,1127,107107
1175,1121,107206
1176,1121,107300
1177,1104,107397
1178,1104,107518
1179,1104,107604
1180,1104,107689
1181,1095,107787
1182,1095,107873
1183,1095,107959
1184,1095,108048
1185,1092,108137
1186,1092,108224
1187,1092,108310
1188,1092,108408
1189,1092,108495
1190,1077,108584
1191,1077,108671
1192,1077,108758
1193,1077,108845
1194,1077,108934
1195,1077,109019
1196,1069,109110
1197,1057,109232
1198,1057,109326
1199,1057,109413
1200,1057,109498
1201,1057,109584
1202,1057,109672
1203,1057,109756
1204,1057,109843
1205,1017,109935
1206,1017,110022
1207,1017,110117
1208,1017,110210
1209,1017,110304
1210,1017,110399
1211,1017,110494
1212,1010,110586
1213,1010,110672
1214,1010,110802
1215,1010,110906
1216,1010,111037
1217,994,111133
1218,982,111225
1219,982,111308
1220,982,111393
1221,982,111479
1222,982,111564
1223,982,111648
1224,978,111738
1225,978,111825
1226,978,111920
1227,978,112003
1228,978,112089
1229,978,112175
1230,978,112268
1231,978,112360
1232,978,112452
1233,978,112537
1234,978,112625
1235,978,112741
1236,978,112829
1237,978,112915
1238,978,112999
1239,978,113083
1240,978,113172
1241,978,113266
1242,978,113358
1243,978,113450
1244,978,113537
1245,978,113631
1246,978,113714
1247,978,113802
1248,978,113885
1249,978,113969
1250,978,114056
1251,978,114141
1252,978,114225
1253,978,114309
1254,978,114428
1255,978,114512
1256,978,114596
1257,978,114683
1258,978,114767
1259,978,114851
1260,978,114938
1261,978,115022
1262,978,115106
1263,978,115220
1264,978,115328
1265,978,115416
1266,978,115500
1267,978,115583
1268,978,115670
1269,978,115754
1270,978,115841
1271,978,115927
1272,978,116012
1273,978,116096
1274,978,116190
1275,978,116284
1276,978,116375
1277,978,116466
1278,978,116553
1279,978,116638
1280,978,116723
1281,978,116810
1282,978,116896
1283,978,117009
1284,978,117098
1285,978,117192
1286,978,117277
1287,978,117360
1288,978,117449
1289,978,117532
1290,978,117617
1291,978,117701
1292,978,117786
1293,978,117880
1294,978,117963
1295,978,118050
1296,978,118134
1297,978,118217
1298,978,118301
1299,978,118385
1300,978,118469
1301,978,118553
1302,978,118670
1303,978,118754
1304,978,118839
1305,978,118926
1306,978,119010
1307,978,119094
1308,978,119184
1309,978,119277
1310,978,119368
1311,978,119459
1312,978,119556
1313,978,119640
1314,978,119723
1315,978,119809
1316,978,119893
1317,978,119977
1318,978,120061
1319,978,120149
1320,978,120233
1321,978,120349
1322,978,120437
1323,978,120521
1324,978,120605
1325,978,120689
1326,978,120776
1327,978,120861
1328,978,120948
1329,978,121033
1330,978,121121
1331,974,121223
1332,974,121307
1333,974,121393
1334,974,121477
1335,974,121562
1336,974,121649
1337,974,121733
1338,974,121818
1339,974,121904
1340,974,122022
1341,974,122106
1342,974,122202
1343,974,122294
1344,974,122387
1345,974,122478
1346,974,122564
1347,974,122652
1348,974,122736
1349,974,122823
1350,974,122919
1351,974,123004
1352,974,123088
1353,974,123172
1354,974,123258
1355,974,123341
1356,974,123428
1357,974,123510
1358,974,123597
1359,974,123715
1360,974,123803
1361,974,123889
1362,974,123975
1363,974,124061
1364,974,124147
1365,974,124233
1366,974,124318
1367,974,124406
1368,974,124491
1369,974,124584
1370,974,124674
1371,974,124759
1372,974,124844
1373,974,124934
1374,974,125018
1375,974,125103
1376,974,125197
1377,974,125291
1378,974,125429
1379,974,125516
1380,974,125603
1381,974,125699
1382,974,125837
1383,974,125934
1384,974,126023
1385,974,126108
1386,974,126195
1387,974,126281
1388,974,126376
1389,974,126465
1390,974,126550
1391,974,126635
1392,974,126723
1393,974,126812
1394,974,126900
1395,974,126984
1396,974,127071
1397,974,127191
1398,974,127278
1399,974,127365
1400,974,127451
1401,974,127536
1402,974,127624
1403,974,127709
1404,974,127797
1405,974,127881
1406,974,127971
1407,974,128065
1408,974,128160
1409,974,128255
1410,974,128344
1411,974,128437
1412,974,128528
1413,974,128612
1414,974,128700
1415,974,128786
1416,974,128907
1417,974,128994
1418,974,129081
1419,974,129176
1420,974,129264
1421,974,129351
1422,974,129441
1423,974,129530
1424,974,129617
1425,974,129705
1426,974,129803
1427,974,129891
1428,974,129980
1429,974,130067
1430,974,130157
1431,974,130246
1432,974,130339
1433,974,130431
1434,974,130517
1435,974,130636
1436,974,130726
1437,974,130818
1438,974,130909
1439,974,131007
1440,974,131100
1441,974,131204
1442,974,131310
1443,974,131412
1444,974,131501
1445,974,131611
1446,974,131702
1447,949,131815
1448,949,131924
1449,949,132072
1450,949,132212
1451,949,132336
1452,949,132449
1453,949,132563
1454,949,132720
1455,949,132822
1456,949,132947
1457,949,133067
1458,949,133175
1459,949,133262
1460,949,133362
1461,949,133451
1462,949,133537
1463,949,133624
1464,949,133723
1465,949,133810
1466,949,133896
1467,949,133981
1468,949,134067
1469,949,134160
1470,949,134251
1471,949,134349
1472,949,134445
1473,949,134565
1474,949,134654
1475,949,134737
1476,949,134822
1477,949,134911
1478,949,134995
1479,949,135080
1480,949,135165
1481,949,135252
1482,949,135338
1483,949,135435
1484,949,135530
1485,949,135615
1486,949,135698
1487,949,135785
1488,949,135872
1489,914,135965
1490,914,136050
1491,914,136137
1492,914,136252
1493,914,136337
1494,914,136427
1495,914,136511
1496,914,136597
1497,914,136682
1498,914,136766
1499,914,136852
1500,914,136943
1501,914,137027
1502,914,137128
1503,914,137222
1504,914,137315
1505,914,137408
1506,914,137498
1507,914,137592
1508,914,137678
1509,914,137761
1510,914,137848
1511,914,137969
1512,914,138089
1513,914,138292
1514,914,138467
1515,914,138580
1516,914,138697
1517,914,138797
1518,914,138887
1519,914,138972
1520,914,139057
1521,914,139151
1522,914,139236
1523,914,139326
1524,914,139413
1525,914,139501
1526,914,139585
1527,914,139669
1528,914,139752
1529,914,139839
1530,914,139959
1531,914,140047
1532,914,140142
1533,914,140238
1534,914,140331
1535,914,140433
1536,914,140520
1537,914,140607
1538,914,140696
1539,914,140785
1540,914,140883
1541,914,140965
1542,914,141050
1543,914,141135
1544,914,141220
1545,914,141307
1546,914,141392
1547,914,141479
1548,914,141566
1549,914,141655
1550,914,141744
1551,914,141832
1552,914,141926
1553,914,142013
1554,914,142102
1555,914,142199
1556,914,142295
1557,914,142389
1558,914,142478
1559,914,142591
1560,894,142684
1561,894,142769
1562,894,142856
1563,894,142942
1564,894,143026
1565,894,143115
1566,894,143206
1567,894,143299
1568,894,143393
1569,894,143487
1570,894,143574
1571,894,143661
1572,894,143751
1573,894,143837
1574,894,143927
1575,894,144015
1576,894,144102
1577,894,144189
1578,894,144309
1579,894,144396
1580,894,144481
1581,894,144565
1582,894,144650
1583,894,144740
1584,894,144825
1585,894,144913
1586,894,144996
1587,894,145080
1588,894,145179
1589,894,145265
1590,894,145348
1591,894,145435
1592,894,145522
1593,894,145605
1594,873,145711
1595,873,145796
1596,873,145880
1597,873,145997
1598,873,146082
1599,873,146179
1600,873,146277
1601,873,146371
1602,873,146454
1603,873,146537
1604,873,146623
1605,873,146706
1606,873,146791
1607,873,146888
1608,873,146973
1609,873,147070
1610,873,147155
1611,873,147239
1612,873,147323
1613,873,147410
1614,873,147497
1615,873,147580
1616,873,147664
1617,873,147753
1618,873,147838
1619,873,147926
1620,873,148020
1621,873,148116
1622,873,148198
1623,869,148290
1624,869,148409
1625,869,148520
1626,869,148647
1627,869,148732
1628,869,148826
1629,869,148913
1630,869,148996
1631,869,149081
1632,869,149174
1633,869,149268
1634,869,149356
1635,869,149443
1636,869,149537
1637,869,149620
1638,869,149704
1639,869,149791
1640,869,149874
1641,869,149964
1642,869,150046
1643,869,150132
1644,869,150215
1645,869,150297
1646,869,150384
1647,869,150467
1648,869,150548
1649,869,150631
1650,869,150717
1651,869,150802
1652,869,150884
1653,869,150969
1654,869,151054
1655,869,151169
1656,869,151254
1657,869,151339
1658,869,151427
1659,869,151510
1660,869,151595
1661,869,151680
1662,869,151767
1663,869,151852
1664,869,151940
1665,869,152034
1666,869,152125
1667,869,152217
1668,864,152316
1669,864,152408
1670,864,152494
1671,864,152577
1672,863,152672
1673,863,152754
1674,863,152838
1675,863,152927
1676,863,153011
1677,863,153098
1678,863,153183
1679,863,153273
1680,863,153363
1681,863,153458
1682,863,153557
1683,863,153655
1684,863,153794
1685,863,153892
1686,863,153991
1687,863,154093
1688,863,154181
1689,863,154266
1690,863,154349
1691,863,154437
1692,863,154520
1693,863,154604
1694,863,154698
1695,863,154785
1696,863,154869
1697,863,154953
1698,863,155038
1699,863,155133
1700,863,155225
1701,863,155315
1702,863,155408
1703,863,155493
1704,863,155577
1705,863,155661
1706,863,155748
1707,863,155833
1708,863,155921
1709,863,156006
1710,863,156090
1711,854,156183
1712,854,156269
1713,854,156382
1714,854,156468
1715,854,156555
1716,854,156641
1717,854,156727
1718,854,156817
1719,854,156906
1720,854,156993
1721,854,157080
1722,854,157169
1723,854,157262
1724,854,157349
1725,854,157438
1726,854,157525
1727,854,157611
1728,854,157697
1729,854,157787
1730,854,157873
1731,833,157966
1732,833,158089
1733,833,158187
1734,833,158275
1735,833,158367
1736,833,158457
1737,833,158541
1738,833,158625
1739,833,158711
1740,833,158797
1741,833,158881
1742,833,158979
1743,833,159062
1744,833,159144
1745,833,159228
1746,833,159313
1747,833,159401
1748,833,159484
1749,833,159572
1750,833,159654
1751,833,159736
1752,833,159823
1753,833,159909
1754,824,160003
1755,824,160086
1756,824,160173
1757,824,160256
1758,824,160339
1759,824,160425
1760,824,160508
1761,824,160624
1762,824,160709
1763,824,160796
1764,824,160879
1765,817,160971
1766,817,161059
1767,817,161154
1768,817,161243
1769,817,161331
1770,813,161437
1771,813,161533
1772,813,161618
1773,813,161704
1774,813,161795
1775,813,161883
1776,813,161973
1777,813,162071
1778,813,162164
1779,813,162252
1780,813,162341
1781,813,162432
1782,813,162517
1783,813,162605
1784,813,162691
1785,813,162778
1786,813,162867
1787,813,162952
1788,813,163050
1789,813,163137
1790,813,163253
1791,813,163369
1792,813,163485
1793,813,163570
1794,813,163655
1795,804,163748
1796,804,163834
1797,804,163921
1798,804,164003
1799,804,164096
1800,804,164198
1801,798,164296
1802,798,164386
1803,798,164468
1804,798,164550
1805,798,164634
1806,798,164717
1807,798,164800
1808,790,164892
1809,790,164977
1810,790,165062
1811,790,165151
1812,790,165232
1813,790,165318
1814,790,165404
1815,790,165488
1816,790,165576
1817,790,165660
1818,790,165750
1819,786,165872
1820,786,165954
1821,786,166035
1822,786,166117
1823,786,166198
1824,786,166279
1825,786,166359
1826,786,166444
1827,786,166524
1828,782,166613
1829,782,166705
1830,782,166789
1831,782,166872
1832,782,166953
1833,782,167038
1834,782,167128
1835,782,167218
1836,782,167308
1837,782,167398
1838,763,167488
1839,763,167572
1840,763,167664
1841,763,167748
1842,763,167830
1843,763,167919
1844,763,168001
1845,763,168083
1846,763,168166
1847,763,168249
1848,763,168331
1849,763,168421
1850,763,168509
1851,763,168589
1852,763,168671
1853,763,168753
1854,763,168836
1855,763,168919
1856,763,168998
1857,763,169080
1858,763,169171
1859,763,169255
1860,763,169336
1861,763,169420
1862,763,169499
1863,763,169578
1864,763,169659
1865,763,169741
1866,763,169821
1867,763,169904
1868,763,169982
1869,751,170078
1870,751,170166
1871,751,170251
1872,751,170338
1873,751,170419
1874,751,170498
1875,751,170576
1876,751,170656
1877,751,170735
1878,751,170815
1879,751,170909
1880,751,170988
1881,751,171067
1882,751,171147
1883,751,171228
1884,751,171308
1885,751,171390
1886,751,171468
1887,751,171548
1888,751,171627
1889,751,171714
1890,751,171793
1891,747,171886
1892,747,171974
1893,747,172059
1894,747,172143
1895,747,172228
1896,747,172312
1897,747,172393
1898,747,172470
1899,747,172563
1900,747,172639
1901,747,172718
1902,747,172796
1903,747,172874
1904,747,172953
1905,747,173037
1906,747,173124
1907,747,173210
1908,747,173294
1909,747,173388
1910,747,173465
1911,747,173542
1912,747,173621
1913,747,173700
1914,747,173778
1915,747,173855
1916,747,173934
1917,747,174010
1918,747,174088
1919,735,174186
1920,735,174265
1921,735,174342
1922,735,174421
1923,735,174497
1924,735,174575
1925,735,174652
1926,735,174730
1927,735,174810
1928,735,174888
1929,735,174981
1930,735,175056
1931,735,175134
1932,735,175210
1933,735,175285
1934,735,175364
1935,735,175440
1936,735,175517
1937,735,175594
1938,735,175675
1939,735,175768
1940,735,175845
1941,735,175924
1942,735,175999
1943,735,176087
1944,735,176171
1945,735,176258
1946,735,176341
1947,735,176421
1948,735,176499
1949,735,176592
1950,707,176679
1951,707,176761
1952,707,176850
1953,707,176929
1954,707,177015
1955,707,177093
1956,707,177169
1957,707,177245
1958,707,177320
1959,707,177415
1960,707,177491
1961,707,177570
1962,707,177646
1963,707,177729
1964,707,177804
1965,707,177886
1966,707,177968
1967,707,178050
1968,707,178126
1969,707,178215
1970,707,178357
1971,707,178510
1972,707,178612
1973,699,178722
1974,699,178822
1975,699,178927
1976,699,179030
1977,699,179156
1978,699,179274
1979,699,179392
1980,699,179475
1981,687,179565
1982,687,179642
1983,687,179721
1984,687,179801
1985,687,179882
1986,687,179959
1987,687,180038
1988,687,180116
1989,687,180206
1990,687,180288
1991,687,180365
1992,687,180442
1993,687,180518
1994,687,180595
1995,687,180674
1996,687,180753
1997,687,180835
1998,687,180913
1999,687,181004
2000,687,181085
2001,687,181165
2002,687,181246
2003,687,181325
2004,687,181406
2005,687,181486
2006,687,181566
2007,687,181640
2008,687,181719
2009,687,181812
2010,687,181891
2011,687,181968
2012,687,182051
2013,687,182135
2014,687,182216
2015,687,182300
2016,687,182380
2017,687,182455
2018,687,182531
2019,686,182630
2020,686,182709
2021,686,182785
2022,686,182860
2023,686,182939
2024,686,183017
2025,686,183093
2026,686,183168
2027,686,183243
2028,686,183321
2029,686,183414
2030,686,183493
2031,686,183574
2032,686,183653
2033,686,183733
2034,686,183811
2035,686,183891
2036,686,183968
2037,686,184046
2038,686,184122
2039,686,184221
2040,686,184298
2041,686,184377
2042,675,184459
2043,675,184537
2044,675,184613
2045,675,184688
2046,675,184765
2047,675,184843
2048,675,184924
2049,675,185032
2050,675,185110
2051,675,185188
2052,675,185268
2053,675,185345
2054,675,185421
2055,675,185493
2056,675,185565
2057,675,185642
2058,675,185717
2059,675,185811
2060,675,185888
2061,675,185961
2062,675,186037
2063,675,186111
2064,675,186185
2065,675,186258
2066,663,186340
2067,663,186413
2068,663,186486
2069,663,186590
2070,663,186663
2071,663,186738
2072,663,186812
2073,663,186890
2074,663,186962
2075,663,187038
2076,663,187112
2077,663,187185
2078,663,187259
2079,663,187361
2080,663,187435
2081,663,187509
2082,663,187582
2083,663,187657
2084,663,187734
2085,663,187809
2086,663,187888
2087,663,187963
2088,663,188048
2089,663,188153
2090,663,188234
2091,663,188316
2092,663,188394
2093,663,188468
2094,663,188544
2095,663,188617
2096,663,188691
2097,663,188766
2098,663,188840
2099,663,188935
2100,663,189010
2101,663,189083
2102,663,189159
2103,663,189233
2104,663,189308
2105,663,189386
2106,663,189460
2107,663,189535
2108,663,189608
2109,663,189704
2110,663,189780
2111,663,189856
2112,663,189930
2113,663,190005
2114,663,190082
2115,663,190156
2116,663,190231
2117,663,190304
2118,663,190384
2119,663,190481
2120,663,190555
2121,663,190633
2122,663,190709
2123,662,190806
2124,662,190892
2125,662,190979
2126,662,191069
2127,662,191157
2128,662,191247
2129,662,191364
2130,662,191449
2131,662,191534
2132,662,191620
2133,662,191710
2134,662,191797
2135,662,191886
2136,662,191987
2137,662,192079
2138,662,192171
2139,662,192286
2140,648,192376
2141,648,192463
2142,648,192551
2143,648,192629
2144,648,192705
2145,648,192785
2146,648,192863
2147,648,192947
2148,648,193023
2149,648,193120
2150,648,193197
2151,648,193308
2152,648,193409
2153,648,193487
2154,648,193570
2155,648,193646
2156,648,193733
2157,648,193809
2158,648,193888
2159,648,193993
2160,648,194075
2161,648,194155
2162,648,194235
2163,648,194313
2164,648,194393
2165,648,194468
2166,648,194544
2167,648,194618
2168,648,194693
2169,648,194787
2170,648,194867
2171,648,194940
2172,648,195015
2173,636,195101
2174,624,195178
2175,624,195251
2176,624,195324
2177,624,195396
2178,624,195472
2179,624,195570
2180,624,195642
2181,624,195716
2182,624,195790
2183,624,195867
2184,624,195939
2185,624,196013
2186,624,196087
2187,624,196160
2188,624,196233
2189,624,196331
2190,624,196405
2191,624,196478
2192,624,196552
2193,624,196624
2194,624,196700
2195,624,196777
2196,624,196852
2197,624,196925
2198,624,197011
2199,624,197120
2200,624,197197
2201,624,197275
2202,624,197349
2203,624,197420
2204,624,197490
2205,624,197563
2206,624,197635
2207,624,197709
2208,616,197797
2209,616,197901
2210,616,197976
2211,616,198052
2212,616,198127
2213,616,198203
2214,616,198277
2215,616,198354
2216,616,198428
2217,616,198504
2218,616,198578
2219,616,198680
2220,616,198753
2221,616,198825
2222,616,198899
2223,616,198970
2224,616,199047
2225,612,199125
2226,612,199196
2227,612,199269
2228,612,199342
2229,612,199443
2230,608,199524
2231,587,199601
2232,587,199674
2233,587,199747
2234,587,199819
2235,587,199890
2236,587,199970
2237,587,200052
2238,587,200132
2239,587,200242
2240,587,200316
2241,587,200390
2242,587,200462
2243,587,200535
2244,587,200611
2245,587,200682
2246,587,200753
2247,587,200825
2248,587,200900
2249,587,201000
2250,587,201071
2251,587,201145
2252,587,201216
2253,587,201288
2254,587,201363
2255,587,201435
2256,587,201507
2257,587,201579
2258,587,201652
2259,587,201760
2260,587,201830
2261,587,201900
2262,587,201978
2263,587,202055
2264,587,202130
2265,587,202208
2266,587,202282
2267,587,202359
2268,579,202435
2269,579,202534
2270,579,202608
2271,579,202686
2272,579,202758
2273,579,202832
2274,579,202905
2275,579,202988
2276,579,203067
2277,579,203147
2278,579,203227
2279,579,203334
2280,579,203410
2281,579,203484
2282,579,203561
2283,579,203634
2284,579,203710
2285,579,203783
2286,579,203862
2287,579,203941
2288,579,204016
2289,579,204120
2290,579,204202
2291,579,204274
2292,579,204348
2293,579,204421
2294,579,204492
2295,579,204563
2296,579,204635
2297,579,204709
2298,579,204782
2299,579,204885
2300,579,204956
2301,579,205031
2302,579,205102
2303,579,205174
2304,579,205245
2305,579,205318
2306,579,205391
2307,579,205462
2308,579,205533
2309,579,205642
2310,579,205714
2311,579,205787
2312,579,205861
2313,579,205936
2314,579,206015
2315,579,206094
2316,579,206174
2317,579,206255
2318,579,206331
2319,579,206427
2320,579,206499
2321,579,206573
2322,579,206644
2323,579,206721
2324,579,206792
2325,579,206869
2326,579,206949
2327,579,207023
2328,579,207094
2329,579,207193
2330,579,207270
2331,579,207343
2332,579,207413
2333,579,207485
2334,579,207558
2335,579,207630
2336,579,207704
2337,579,207777
2338,579,207852
2339,579,207958
2340,579,208034
2341,579,208109
2342,579,208193
2343,579,208309
2344,579,208394
2345,579,208466
2346,579,208541
2347,579,208611
2348,579,208689
2349,579,208792
2350,579,208866
2351,579,208943
2352,579,209019
2353,579,209096
2354,579,209173
2355,579,209253
2356,579,209327
2357,579,209401
2358,579,209476
2359,579,209577
2360,579,209647
2361,579,209721
2362,579,209791
2363,579,209865
2364,579,209941
2365,579,210012
2366,579,210082
2367,579,210153
2368,579,210226
2369,579,210324
2370,579,210395
2371,579,210467
2372,579,210538
2373,579,210609
2374,579,210681
2375,579,210752
2376,579,210825
2377,579,210895
2378,579,210965
2379,579,211063
2380,579,211136
2381,579,211208
2382,579,211278
2383,579,211351
2384,579,211425
2385,579,211495
2386,579,211566
2387,579,211637
2388,579,211713
2389,579,211811
2390,579,211883
2391,579,211964
2392,579,212045
2393,579,212123
2394,579,212199
2395,579,212271
2396,579,212347
2397,579,212417
2398,579,212493
2399,579,212592
2400,579,212663
2401,579,212734
2402,579,212805
2403,579,212877
2404,579,212949
2405,579,213022
2406,579,213092
2407,579,213162
2408,579,213235
2409,579,213336
2410,579,213407
2411,579,213478
2412,579,213552
2413,579,213624
2414,579,213699
2415,579,213770
2416,579,213848
2417,579,213919
2418,579,213990
2419,579,214088
2420,579,214161
2421,579,214232
2422,579,214304
2423,579,214376
2424,579,214450
2425,579,214522
2426,579,214594
2427,579,214666
2428,579,214739
2429,579,214840
2430,579,214914
2431,579,214991
2432,579,215069
2433,579,215144
2434,579,215220
2435,579,215293
2436,579,215367
2437,579,215438
2438,579,215511
2439,579,215618
2440,579,215693
2441,579,215768
2442,579,215839
2443,579,215913
2444,579,215984
2445,579,216055
2446,579,216126
2447,579,216199
2448,579,216271
2449,579,216376
2450,579,216446
2451,579,216521
2452,579,216593
2453,579,216667
2454,579,216739
2455,579,216814
2456,579,216885
2457,579,216958
2458,579,217030
2459,579,217132
2460,579,217202
2461,579,217273
2462,579,217348
2463,579,217420
2464,579,217490
2465,579,217561
2466,579,217633
2467,579,217706
2468,579,217779
2469,579,217881
2470,579,217964
2471,579,218049
2472,579,218130
2473,579,218211
2474,579,218288
2475,579,218365
2476,579,218438
2477,579,218511
2478,579,218588
2479,579,218691
2480,579,218765
2481,579,218843
2482,579,218920
2483,579,218995
2484,579,219069
2485,579,219142
2486,579,219217
2487,579,219289
2488,579,219366
2489,579,219467
2490,579,219538
2491,579,219608
2492,579,219680
2493,579,219749
2494,579,219821
2495,579,219892
2496,579,219964
2497,579,220035
2498,579,220109
2499,579,220208
2500,579,220281
2501,579,220355
2502,579,220429
2503,579,220502
2504,579,220577
2505,571,220653
2506,571,220727
2507,571,220801
2508,571,220872
2509,571,220985
2510,571,221060
2511,571,221138
2512,571,221214
2513,571,221286
2514,571,221359
2515,571,221443
2516,571,221513
2517,571,221586
2518,571,221658
2519,571,221761
2520,571,221842
2521,571,221921
2522,571,222007
2523,571,222086
2524,571,222168
2525,571,222245
2526,571,222318
2527,571,222390
2528,571,222464
2529,571,222565
2530,571,222636
2531,571,222709
2532,571,222782
2533,571,222859
2534,571,222931
2535,571,223004
2536,571,223075
2537,571,223152
2538,571,223266
2539,571,223392
2540,571,223473
2541,571,223549
2542,571,223639
2543,571,223716
2544,571,223792
2545,571,223870
2546,571,223952
2547,571,224030
2548,571,224110
2549,571,224220
2550,571,224288
2551,571,224360
2552,571,224430
2553,571,224500
2554,571,224571
2555,571,224646
2556,571,224722
2557,571,224797
2558,571,224870
2559,571,224974
2560,571,225045
2561,571,225117
2562,571,225189
2563,571,225262
2564,571,225336
2565,571,225406
2566,571,225477
2567,571,225552
2568,571,225623
2569,571,225726
2570,571,225796
2571,571,225869
2572,571,225940
2573,571,226010
2574,571,226080
2575,571,226150
2576,571,226221
2577,571,226290
2578,571,226363
2579,571,226462
2580,571,226532
2581,571,226603
2582,571,226677
2583,571,226750
2584,571,226822
2585,571,226900
2586,571,226975
2587,571,227055
2588,571,227128
2589,571,227232
2590,571,227303
2591,571,227379
2592,571,227449
2593,571,227519
2594,571,227590
2595,571,227665
2596,571,227741
2597,571,227812
2598,571,227884
2599,571,227987
2600,571,228059
2601,571,228130
2602,571,228201
2603,571,228275
2604,571,228348
2605,571,228419
2606,571,228490
2607,571,228564
2608,571,228635
2609,571,228736
2610,571,228810
2611,571,228886
2612,571,228964
2613,571,229037
2614,571,229110
2615,571,229193
2616,571,229266
2617,571,229343
2618,571,229414
2619,571,229518
2620,571,229593
2621,571,229672
2622,571,229746
2623,571,229822
2624,571,229902
2625,571,229983
2626,571,230059
2627,571,230137
2628,571,230209
2629,571,230308
2630,571,230385
2631,571,230457
2632,571,230531
2633,571,230601
2634,571,230674
2635,571,230745
2636,571,230820
2637,571,230891
2638,571,230965
2639,571,231065
2640,571,231137
2641,571,231210
2642,571,231287
2643,571,231357
2644,571,231429
2645,571,231499
2646,571,231574
2647,571,231648
2648,571,231720
2649,571,231821
2650,571,231902
2651,571,231981
2652,571,232058
2653,571,232135
2654,571,232209
2655,571,232281
2656,571,232355
2657,571,232427
2658,571,232498
2659,571,232599
2660,571,232675
2661,571,232746
2662,571,232820
2663,571,232900
2664,571,232980
2665,571,233060
2666,571,233137
2667,571,233210
2668,571,233288
2669,571,233389
2670,571,233460
2671,571,233532
2672,571,233606
2673,571,233678
2674,571,233750
2675,571,233826
2676,571,233899
2677,571,233970
2678,571,234042
2679,571,234145
2680,571,234220
2681,571,234296
2682,571,234365
2683,571,234438
2684,571,234509
2685,571,234581
2686,571,234655
2687,571,234725
2688,571,234797
2689,571,234897
2690,571,234968
2691,571,235044
2692,571,235114
2693,571,235184
2694,571,235257
2695,571,235330
2696,571,235400
2697,571,235471
2698,571,235545
2699,571,235645
2700,571,235715
2701,571,235784
2702,571,235859
2703,571,235944
2704,571,236021
2705,571,236100
2706,571,236177
2707,571,236249
2708,571,236322
2709,571,236422
2710,571,236494
2711,571,236565
2712,571,236639
2713,571,236710
2714,571,236786
2715,571,236866
2716,571,236939
2717,571,237010
2718,571,237082
2719,571,237181
2720,571,237253
2721,571,237329
2722,571,237397
2723,571,237468
2724,571,237539
2725,571,237609
2726,571,237684
2727,571,237755
2728,571,237836
2729,571,237939
2730,571,238011
2731,571,238082
2732,571,238181
2733,571,238285
2734,571,238364
2735,571,238441
2736,571,238512
2737,571,238592
2738,571,238664
2739,571,238763
2740,571,238840
2741,571,238919
2742,571,238997
2743,571,239075
2744,571,239152
2745,571,239223
2746,571,239295
2747,571,239366
2748,571,239442
2749,571,239542
2750,571,239617
2751,571,239693
2752,571,239765
2753,571,239842
2754,571,239917
2755,571,239990
2756,571,240064
2757,571,240145
2758,571,240219
2759,571,240323
2760,571,240394
2761,571,240466
2762,571,240538
2763,571,240609
2764,571,240680
2765,571,240761
2766,571,240836
2767,571,240909
2768,571,240983
2769,571,241090
2770,571,241164
2771,571,241237
2772,571,241314
2773,571,241388
2774,571,241461
2775,571,241535
2776,571,241609
2777,571,241683
2778,571,241756
2779,571,241869
2780,571,241947
2781,571,242026
2782,571,242102
2783,571,242179
2784,571,242248
2785,571,242323
2786,571,242393
2787,571,242464
2788,571,242534
2789,571,242638
2790,571,242709
2791,571,242779
2792,571,242850
2793,571,242923
2794,571,242992
2795,571,243062
2796,571,243132
2797,571,243205
2798,571,243275
2799,571,243377
2800,571,243453
2801,571,243522
2802,571,243593
2803,571,243664
2804,571,243737
2805,571,243809
2806,571,243881
2807,571,243951
2808,571,244025
2809,571,244124
2810,571,244195
2811,571,244266
2812,571,244343
2813,571,244415
2814,571,244487
2815,571,244560
2816,571,244637
2817,571,244708
2818,571,244780
2819,571,244891
2820,571,244971
2821,571,245049
2822,571,245126
2823,571,245197
2824,571,245270
2825,571,245345
2826,571,245414
2827,571,245489
2828,571,245561
2829,571,245662
2830,571,245733
2831,571,245806
2832,571,245881
2833,571,245956
2834,571,246029
2835,571,246103
2836,571,246176
2837,571,246254
2838,571,246330
2839,571,246432
2840,571,246504
2841,571,246575
2842,571,246649
2843,571,246722
2844,571,246794
2845,571,246866
2846,571,246937
2847,571,247010
2848,571,247082
2849,571,247182
2850,571,247254
2851,571,247329
2852,571,247400
2853,571,247471
2854,571,247543
2855,571,247616
2856,571,247690
2857,571,247765
2858,571,247845
2859,571,247962
2860,571,248044
2861,571,248127
2862,571,248206
2863,571,248281
2864,571,248355
2865,571,248428
2866,571,248504
2867,571,248577
2868,571,248654
2869,571,248758
2870,571,248840
2871,571,248914
2872,571,248987
2873,571,249061
2874,571,249135
2875,571,249208
2876,571,249281
2877,571,249354
2878,571,249431
2879,571,249534
2880,571,249608
2881,571,249683
2882,571,249757
2883,571,249834
2884,571,249907
2885,571,249981
2886,571,250056
2887,571,250130
2888,571,250203
2889,571,250309
2890,571,250384
2891,571,250461
2892,571,250534
2893,571,250611
2894,571,250685
2895,571,250762
2896,571,250840
2897,571,250921
2898,571,251001
2899,571,251118
2900,571,251193
2901,571,251262
2902,571,251335
2903,571,251404
2904,571,251474
2905,571,251554
2906,571,251630
2907,571,251699
2908,571,251779
2909,571,251891
2910,571,251966
2911,571,252043
2912,571,252120
2913,571,252190
2914,571,252260
2915,571,252335
2916,571,252404
2917,571,252474
2918,571,252543
2919,571,252644
2920,571,252718
2921,571,252794
2922,571,252871
2923,571,252946
2924,571,253020
2925,571,253103
2926,571,253222
2927,571,253306
2928,571,253383
2929,571,253492
2930,571,253571
2931,571,253650
2932,571,253724
2933,571,253802
2934,571,253885
2935,571,253967
2936,571,254049
2937,571,254129
2938,571,254203
2939,571,254307
2940,571,254377
2941,571,254452
2942,571,254522
2943,571,254593
2944,571,254664
2945,571,254736
2946,571,254810
2947,571,254881
2948,571,254950
2949,571,255049
2950,571,255120
2951,571,255191
2952,571,255261
2953,571,255337
2954,571,255409
2955,571,255484
2956,571,255554
2957,571,255628
2958,571,255698
2959,571,255797
2960,571,255867
2961,571,255938
2962,571,256008
2963,571,256078
2964,571,256148
2965,571,256222
2966,571,256291
2967,571,256364
2968,571,256438
2969,571,256545
2970,571,256618
2971,571,256688
2972,571,256759
2973,571,256842
2974,571,256917
2975,571,256994
2976,571,257072
2977,571,257144
2978,567,257221
2979,567,257322
2980,563,257401
2981,563,257471
2982,563,257542
2983,563,257617
2984,563,257691
2985,563,257767
2986,563,257836
2987,563,257907
2988,563,257981
2989,563,258083
2990,563,258159
2991,563,258229
2992,563,258303
2993,563,258373
2994,563,258444
2995,563,258516
2996,563,258590
2997,563,258660
2998,563,258733
2999,563,258838
3000,563,258913
3001,563,258987
3002,563,259061
3003,563,259135
3004,563,259208
3005,563,259281
3006,563,259354
3007,563,259429
3008,563,259501
3009,563,259606
3010,563,259678
3011,563,259753
3012,563,259831
3013,563,259909
3014,563,259987
3015,563,260064
3016,563,260137
3017,563,260207
3018,563,260281
3019,563,260383
3020,563,260459
3021,563,260530
3022,563,260603
3023,563,260678
3024,563,260749
3025,563,260822
3026,563,260896
3027,563,260965
3028,563,261037
3029,563,261134
3030,563,261207
3031,563,261279
3032,563,261349
3033,563,261421
3034,563,261493
3035,563,261563
3036,563,261635
3037,563,261705
3038,563,261779
3039,563,261891
3040,563,261965
3041,563,262044
3042,563,262118
3043,546,262198
3044,546,262267
3045,546,262338
3046,546,262410
3047,546,262481
3048,546,262551
3049,546,262654
3050,546,262726
3051,546,262805
3052,546,262881
3053,546,262957
3054,546,263038
3055,546,263115
3056,546,263188
3057,546,263262
3058,546,263333
3059,546,263433
3060,546,263506
3061,546,263580
3062,546,263651
3063,546,263724
3064,546,263799
3065,546,263874
3066,546,263949
3067,546,264021
3068,546,264093
3069,546,264205
3070,546,264277
3071,546,264350
3072,546,264424
3073,546,264498
3074,546,264572
3075,546,264645
3076,546,264719
3077,546,264796
3078,546,264870
3079,546,264973
3080,546,265046
3081,546,265120
3082,546,265194
3083,546,265267
3084,546,265341
3085,546,265420
3086,546,265498
3087,546,265571
3088,546,265644
3089,546,265748
3090,546,265827
3091,546,265903
3092,546,265980
3093,546,266057
3094,546,266133
3095,546,266205
3096,546,266279
3097,546,266352
3098,546,266425
3099,490,266535
3100,490,266608
3101,490,266683
3102,490,266765
3103,490,266840
3104,490,266913
3105,478,266990
3106,478,267059
3107,478,267129
3108,478,267199
3109,478,267304
3110,478,267381
3111,478,267455
3112,478,267528
3113,478,267605
3114,478,267677
3115,478,267751
3116,478,267834
3117,478,267908
3118,478,267981
3119,478,268094
3120,478,268209
3121,478,268288
3122,478,268371
3123,478,268446
3124,478,268524
3125,478,268597
3126,478,268668
3127,478,268739
3128,478,268820
3129,478,268927
3130,478,269003
3131,478,269081
3132,478,269150
3133,478,269219
3134,478,269294
3135,478,269365
3136,478,269434
3137,478,269503
3138,478,269575
3139,478,269677
3140,478,269746
3141,478,269818
3142,478,269890
3143,478,269960
3144,478,270030
3145,478,270099
3146,478,270171
3147,478,270239
3148,478,270312
3149,478,270413
3150,478,270483
3151,478,270552
3152,478,270625
3153,478,270693
3154,478,270766
3155,478,270835
3156,478,270905
3157,478,270979
3158,478,271048
3159,478,271148
3160,478,271223
3161,478,271295
3162,478,271368
3163,478,271438
3164,478,271509
3165,478,271584
3166,478,271654
3167,478,271724
3168,478,271804
3169,478,271912
3170,478,271987
3171,478,272061
3172,478,272131
3173,478,272202
3174,478,272271
3175,478,272343
3176,478,272411
3177,478,272483
3178,478,272553
3179,478,272654
3180,478,272723
3181,478,272797
3182,478,272865
3183,478,272934
3184,478,273002
3185,478,273075
3186,478,273143
3187,478,273212
3188,478,273281
3189,478,273386
3190,478,273454
3191,478,273522
3192,478,273591
3193,478,273664
3194,478,273732
3195,478,273803
3196,478,273871
3197,478,273943
3198,478,274012
3199,478,274113
3200,478,274183
3201,478,274255
3202,478,274324
3203,478,274395
3204,478,274464
3205,478,274536
3206,478,274608
3207,478,274677
3208,478,274748
3209,478,274860
3210,478,274934
3211,478,275008
3212,478,275081
3213,478,275154
3214,478,275222
3215,478,275294
3216,478,275364
3217,478,275437
3218,478,275504
3219,478,275607
3220,478,275678
3221,478,275748
3222,478,275819
3223,478,275889
3224,478,275960
3225,478,276030
3226,478,276099
3227,478,276169
3228,478,276240
3229,478,276312
3230,478,276384
3231,478,276454
3232,478,276524
3233,478,276596
3234,478,276665
3235,478,276738
3236,478,276809
3237,478,276879
3238,478,276947
3239,478,277016
3240,478,277106
3241,478,277176
3242,478,277246
3243,478,277315
3244,478,277385
3245,478,277458
3246,478,277528
3247,478,277602
3248,478,277670
3249,478,277743
3250,478,277850
3251,478,277926
3252,478,278001
3253,478,278077
3254,478,278146
3255,478,278214
3256,478,278285
3257,478,278358
3258,478,278427
3259,478,278496
3260,478,278598
3261,478,278673
3262,478,278744
3263,478,278816
3264,478,278888
3265,478,278963
3266,478,279035
3267,478,279107
3268,478,279177
3269,478,279251
3270,478,279355
3271,478,279429
3272,478,279498
3273,478,279571
3274,478,279641
3275,478,279712
3276,478,279785
3277,478,279860
3278,478,279931
3279,478,280000
3280,478,280102
3281,478,280175
3282,478,280246
3283,478,280319
3284,478,280393
3285,478,280463
3286,478,280534
3287,478,280607
3288,478,280681
3289,478,280757
3290,478,280872
3291,478,280948
3292,478,281024
3293,478,281100
3294,478,281171
3295,478,281242
3296,478,281319
3297,478,281390
3298,478,281461
3299,478,281531
3300,478,281642
3301,478,281722
3302,478,281803
3303,478,281877
3304,478,281953
3305,478,282028
3306,478,282097
3307,478,282166
3308,478,282238
3309,478,282311
3310,478,282411
3311,478,282481
3312,478,282551
3313,478,282621
3314,478,282689
3315,478,282766
3316,478,282839
3317,478,282908
3318,478,282978
3319,478,283056
3320,478,283212
3321,478,283292
3322,478,283367
3323,478,283440
3324,478,283518
3325,478,283590
3326,478,283660
3327,478,283733
3328,478,283812
3329,478,283888
3330,478,283965
3331,478,284044
3332,478,284117
3333,478,284188
3334,478,284258
3335,478,284331
3336,478,284400
3337,478,284471
3338,478,284541
3339,478,284612
3340,478,284683
3341,478,284772
3342,478,284844
3343,478,284917
3344,478,284991
3345,478,285069
3346,478,285141
3347,478,285215
3348,478,285289
3349,478,285364
3350,478,285436
3351,478,285536
3352,478,285612
3353,478,285684
3354,478,285756
3355,478,285828
3356,478,285900
3357,478,285973
3358,478,286045
3359,478,286117
3360,478,286189
3361,478,286292
3362,478,286365
3363,478,286437
3364,478,286509
3365,478,286583
3366,478,286656
3367,478,286732
3368,478,286811
3369,478,286891
3370,478,286970
3371,478,287081
3372,478,287157
3373,478,287230
3374,478,287303
3375,478,287374
3376,478,287446
3377,478,287521
3378,478,287596
3379,478,287667
3380,478,287740
3381,478,287846
3382,478,287916
3383,478,287985
3384,478,288055
3385,478,288128
3386,478,288198
3387,478,288268
3388,478,288338
3389,478,288409
3390,478,288478
3391,478,288546
3392,478,288618
3393,478,288688
3394,478,288759
3395,478,288837
3396,478,288905
3397,478,288974
3398,478,289044
3399,478,289114
3400,478,289183
3401,478,289252
3402,478,289343
3403,478,289414
3404,478,289487
3405,478,289559
3406,478,289635
3407,478,289707
3408,478,289789
3409,478,289865
3410,478,289942
3411,478,290020
3412,478,290120
3413,478,290189
3414,478,290259
3415,478,290329
3416,478,290402
3417,478,290470
3418,478,290539
3419,478,290611
3420,478,290680
3421,478,290750
3422,478,290853
3423,478,290926
3424,478,290995
3425,478,291064
3426,478,291135
3427,478,291209
3428,478,291279
3429,478,291347
3430,478,291419
3431,478,291487
3432,478,291589
3433,478,291659
3434,478,291736
3435,478,291815
3436,478,291890
3437,478,291966
3438,478,292041
3439,478,292111
3440,478,292181
3441,478,292252
3442,478,292360
3443,478,292431
3444,478,292503
3445,478,292575
3446,478,292646
3447,478,292723
3448,478,292801
3449,478,292875
3450,478,292953
3451,478,293027
3452,478,293096
3453,478,293170
3454,478,293242
3455,478,293315
3456,478,293385
3457,478,293454
3458,478,293526
3459,478,293600
3460,478,293671
3461,478,293739
3462,478,293814
3463,478,293903
3464,478,293970
3465,478,294039
3466,478,294112
3467,478,294182
3468,478,294251
3469,478,294320
3470,478,294392
3471,478,294461
3472,478,294530
3473,478,294630
3474,478,294702
3475,478,294772
3476,478,294842
3477,478,294913
3478,478,294982
3479,478,295053
3480,478,295122
3481,478,295192
3482,478,295261
3483,478,295364
3484,478,295433
3485,478,295501
3486,478,295572
3487,478,295642
3488,478,295716
3489,478,295793
3490,478,295865
3491,478,295940
3492,478,296015
3493,478,296116
3494,478,296193
3495,478,296268
3496,478,296341
3497,478,296413
3498,478,296488
3499,478,296563
3500,478,296639
3501,478,296721
3502,478,296801
3503,478,296904
3504,478,296975
3505,478,297045
3506,478,297118
3507,478,297189
3508,478,297260
3509,478,297330
3510,478,297402
3511,478,297472
3512,478,297545
3513,478,297647
3514,478,297726
3515,478,297802
3516,478,297870
3517,478,297939
3518,478,298014
3519,478,298148
3520,478,298231
3521,478,298310
3522,478,298382
3523,478,298492
3524,478,298564
3525,478,298635
3526,478,298711
3527,478,298791
3528,478,298868
3529,478,298946
3530,478,299020
3531,478,299092
3532,478,299164
3533,478,299269
3534,478,299342
3535,478,299416
3536,478,299492
3537,478,299567
3538,478,299638
3539,478,299710
3540,478,299788
3541,478,299858
3542,478,299935
3543,478,300041
3544,478,300114
3545,478,300185
3546,478,300256
3547,478,300327
3548,478,300400
3549,478,300471
3550,478,300541
3551,478,300615
3552,478,300688
3553,478,300789
3554,478,300863
3555,478,300935
3556,478,301013
3557,478,301088
3558,478,301160
3559,478,301234
3560,478,301308
3561,478,301380
3562,478,301453
3563,478,301557
3564,478,301626
3565,478,301701
3566,478,301776
3567,478,301852
3568,478,301930
3569,478,302008
3570,478,302079
3571,478,302148
3572,478,302221
3573,478,302323
3574,478,302392
3575,478,302461
3576,478,302532
3577,478,302603
3578,478,302672
3579,478,302741
3580,478,302816
3581,478,302885
3582,478,302954
3583,478,303054
3584,478,303135
3585,478,303208
3586,478,303282
3587,478,303354
3588,478,303428
3589,478,303500
3590,478,303575
3591,478,303647
3592,478,303719
3593,478,303826
3594,478,303898
3595,478,303971
3596,478,304043
3597,478,304115
3598,478,304187
3599,478,304261
3600,478,304333
3601,478,304405
3602,478,304477
3603,478,304549
3604,478,304624
3605,478,304702
3606,478,304784
3607,478,304863
3608,478,304941
3609,478,305018
3610,478,305090
3611,478,305164
3612,478,305235
3613,478,305306
3614,478,305398
3615,478,305472
3616,478,305545
3617,478,305616
3618,478,305688
3619,478,305764
3620,478,305836
3621,478,305912
3622,478,305986
3623,478,306058
3624,478,306160
3625,478,306231
3626,478,306303
3627,478,306375
3628,478,306447
3629,478,306518
3630,478,306593
3631,478,306664
3632,478,306737
3633,478,306811
3634,478,306914
3635,478,306981
3636,478,307051
3637,478,307120
3638,478,307189
3639,478,307259
3640,478,307328
3641,478,307398
3642,478,307469
3643,478,307539
3644,478,307641
3645,478,307720
3646,478,307798
3647,478,307875
3648,478,307950
3649,478,308023
3650,478,308093
3651,478,308163
3652,478,308232
3653,478,308303
3654,478,308405
3655,478,308475
3656,478,308544
3657,478,308616
3658,478,308687
3659,478,308756
3660,478,308825
3661,478,308896
3662,478,308965
3663,478,309034
3664,478,309103
3665,478,309175
3666,478,309244
3667,478,309315
3668,478,309386
3669,478,309458
3670,478,309530
3671,478,309600
3672,478,309671
3673,478,309741
3674,478,309812
3675,478,309901
3676,478,309972
3677,478,310044
3678,478,310113
3679,478,310183
3680,478,310253
3681,478,310323
3682,478,310391
3683,478,310461
3684,478,310531
3685,478,310631
3686,478,310714
3687,478,310792
3688,478,310867
3689,478,310945
3690,478,311017
3691,478,311086
3692,478,311157
3693,478,311226
3694,478,311299
3695,478,311398
3696,478,311477
3697,478,311548
3698,478,311627
3699,478,311703
3700,478,311779
3701,478,311856
3702,478,311934
3703,478,312007
3704,478,312081
3705,478,312182
3706,478,312256
3707,478,312327
3708,478,312399
3709,478,312469
3710,478,312540
3711,478,312609
3712,478,312684
3713,478,312761
3714,478,312833
3715,478,312902
3716,478,312981
3717,478,313091
3718,478,313177
3719,478,313253
3720,478,313326
3721,478,313404
3722,478,313480
3723,478,313556
3724,478,313629
3725,478,313711
3726,478,313808
3727,478,313886
3728,478,313961
3729,478,314033
3730,478,314103
3731,478,314174
3732,478,314246
3733,478,314319
3734,478,314391
3735,478,314465
3736,478,314566
3737,478,314639
3738,478,314712
3739,478,314787
3740,478,314859
3741,478,314931
3742,478,315003
3743,478,315076
3744,478,315148
3745,478,315221
3746,478,315327
3747,478,315397
3748,478,315466
3749,478,315534
3750,478,315604
3751,478,315677
3752,478,315746
3753,478,315815
3754,478,315884
3755,478,315957
3756,478,316058
3757,478,316127
3758,478,316196
3759,478,316271
3760,478,316341
3761,478,316410
3762,478,316480
3763,478,316552
3764,478,316625
3765,478,316702
3766,478,316816
3767,478,316893
3768,478,316968
3769,478,317038
3770,478,317107
3771,478,317177
3772,478,317246
3773,478,317316
3774,478,317385
3775,478,317458
3776,478,317526
3777,478,317599
3778,478,317668
3779,478,317739
3780,478,317808
3781,478,317877
3782,478,317949
3783,478,318019
3784,478,318089
3785,478,318157
3786,478,318226
3787,478,318318
3788,478,318387
3789,478,318457
3790,478,318527
3791,478,318596
3792,478,318666
3793,478,318739
3794,478,318809
3795,478,318883
3796,478,318951
3797,478,319048
3798,478,319119
3799,478,319190
3800,478,319262
3801,478,319331
3802,478,319400
3803,478,319470
3804,478,319540
3805,478,319608
3806,478,319685
3807,478,319797
3808,478,319878
3809,478,319955
3810,478,320032
3811,478,320103
3812,478,320176
3813,478,320251
3814,478,320327
3815,478,320398
3816,478,320470
3817,478,320575
3818,478,320650
3819,478,320723
3820,478,320799
3821,478,320871
3822,478,320945
3823,478,321016
3824,478,321088
3825,478,321159
3826,478,321233
3827,478,321334
3828,478,321404
3829,478,321474
3830,478,321549
3831,478,321618
3832,478,321696
3833,478,321776
3834,478,321852
3835,478,321928
3836,478,321999
3837,478,322102
3838,478,322172
3839,478,322244
3840,478,322314
3841,478,322384
3842,478,322461
3843,478,322532
3844,478,322601
3845,478,322677
3846,478,322754
3847,478,322864
3848,478,322941
3849,478,323013
3850,478,323086
3851,478,323158
3852,478,323230
3853,478,323303
3854,478,323377
3855,478,323453
3856,478,323524
3857,478,323628
3858,478,323701
3859,478,323776
3860,478,323848
3861,478,323921
3862,478,323994
3863,478,324066
3864,478,324138
3865,478,324210
3866,478,324284
3867,478,324395
3868,478,324486
3869,478,324575
3870,478,324663
3871,478,324756
3872,478,324847
3873,478,324938
3874,478,325032
3875,478,325133
3876,478,325223
3877,478,325354
3878,478,325428
3879,478,325497
3880,478,325568
3881,478,325642
3882,478,325719
3883,478,325791
3884,478,325867
3885,478,325940
3886,478,326013
3887,478,326113
3888,478,326184
3889,478,326257
3890,478,326330
3891,478,326399
3892,478,326467
3893,478,326542
3894,478,326623
3895,478,326694
3896,478,326765
3897,478,326867
3898,478,326945
3899,478,327017
3900,478,327089
3901,478,327160
3902,478,327238
3903,478,327309
3904,478,327381
3905,478,327454
3906,478,327533
3907,478,327637
3908,478,327716
3909,478,327789
3910,478,327862
3911,478,327932
3912,478,328036
3913,478,328147
3914,478,328227
3915,478,328301
3916,478,328382
3917,478,328492
3918,478,328565
3919,478,328643
3920,478,328724
3921,478,328807
3922,478,328887
3923,478,328962
3924,478,329034
3925,478,329109
3926,478,329184
3927,478,329288
3928,478,329365
3929,478,329438
3930,478,329510
3931,478,329583
3932,478,329654
3933,478,329728
3934,478,329801
3935,478,329873
3936,478,329945
3937,478,330018
3938,478,330093
3939,478,330170
3940,478,330245
3941,478,330318
3942,478,330390
3943,478,330464
3944,478,330538
3945,478,330609
3946,478,330683
3947,478,330755
3948,478,330844
3949,478,330917
3950,478,330986
3951,478,331055
3952,478,331124
3953,478,331196
3954,478,331269
3955,478,331340
3956,478,331411
3957,478,331480
3958,478,331581
3959,478,331661
3960,478,331738
3961,478,331815
3962,478,331890
3963,478,331964
3964,478,332035
3965,478,332109
3966,478,332179
3967,478,332252
3968,478,332353
3969,478,332431
3970,478,332503
3971,478,332576
3972,478,332648
3973,478,332717
3974,478,332786
3975,478,332855
3976,478,332924
3977,478,332994
3978,478,333093
3979,478,333163
3980,478,333232
3981,478,333303
3982,478,333373
3983,478,333443
3984,478,333511
3985,478,333582
3986,478,333656
3987,478,333724
3988,478,333824
3989,478,333897
3990,478,333968
3991,478,334038
3992,478,334108
3993,478,334179
3994,478,334253
3995,478,334322
3996,478,334393
3997,478,334463
3998,478,334535
3999,478,334605
4000,478,334683
4001,478,334756
4002,478,334832
4003,478,334906
4004,478,334977
4005,478,335046
4006,478,335121
4007,478,335189
4008,478,335260
4009,478,335349
4010,478,335420
4011,478,335490
4012,478,335561
4013,478,335632
4014,478,335705
4015,478,335776
4016,478,335847
4017,478,335918
4018,478,335990
4019,478,336085
4020,478,336157
4021,478,336225
4022,478,336295
4023,478,336364
4024,478,336433
4025,478,336501
4026,478,336570
4027,478,336641
4028,478,336709
4029,478,336807
4030,478,336877
4031,478,336947
4032,478,337017
4033,478,337086
4034,478,337154
4035,478,337228
4036,478,337295
4037,478,337363
4038,478,337436
4039,478,337539
4040,478,337613
4041,478,337689
4042,478,337765
4043,478,337843
4044,478,337920
4045,478,337989
4046,478,338058
4047,478,338129
4048,478,338198
4049,478,338301
4050,478,338370
4051,478,338440
4052,478,338509
4053,478,338577
4054,478,338645
4055,478,338715
4056,478,338784
4057,478,338855
4058,478,338924
4059,478,339027
4060,478,339097
4061,478,339166
4062,478,339239
4063,478,339308
4064,478,339377
4065,478,339446
4066,478,339519
4067,478,339590
4068,478,339659
4069,478,339761
4070,478,339831
4071,478,339903
4072,478,339972
4073,478,340041
4074,478,340110
4075,478,340183
4076,478,340254
4077,478,340322
4078,478,340392
4079,478,340494
4080,478,340566
4081,478,340644
4082,478,340719
4083,478,340796
4084,478,340873
4085,478,340946
4086,478,341015
4087,478,341087
4088,478,341158
4089,478,341258
4090,478,341330
4091,478,341406
4092,478,341475
4093,478,341552
4094,478,341630
4095,478,341709
4096,478,341785
4097,478,341859
4098,478,341934
4099,478,342035
4100,478,342104
4101,478,342174
4102,478,342246
4103,478,342318
4104,478,342388
4105,478,342464
