Config(simulationDelay=0, popSize=3000, elitismPercentage=0.15, tournamentSize=3, tournamentAmount=36, maxGenerations=12000, maxStagnation=9000, crossoverSwapAmount=4, crossoverChance=0.73, mutationChance=0.45), Dimensions(width=800, height=550, doorX=250, doorHeight=350, doorWidth=250)
0,2430,140
1,1890,303
2,1806,407
3,1762,524
4,1423,658
5,1055,796
6,1055,884
7,1055,984
8,1055,1120
9,1055,1235
10,1006,1342
11,1006,1489
12,1006,1589
13,1006,1688
14,1006,1813
15,946,1894
16,946,1989
17,846,2113
18,846,2188
19,846,2235
20,846,2277
21,846,2316
22,846,2363
23,846,2419
24,798,2509
25,798,2635
26,798,2729
27,798,2818
28,798,2915
29,798,3062
30,754,3149
31,741,3217
32,741,3286
33,657,3341
34,506,3409
35,506,3497
36,506,3540
37,506,3575
38,506,3633
39,506,3687
40,500,3745
41,500,3800
42,500,3847
43,500,3887
44,487,3931
45,474,3984
46,428,4022
47,428,4059
48,428,4100
49,428,4128
50,428,4156
51,428,4182
52,392,4213
53,392,4245
54,376,4284
55,342,4334
56,342,4364
57,342,4389
58,342,4414
59,342,4440
60,327,4469
61,266,4504
62,266,4542
63,266,4582
64,252,4622
65,252,4658
66,252,4687
67,252,4715
68,244,4746
69,217,4778
70,217,4824
71,210,4856
72,210,4895
73,210,4937
74,196,4983
75,196,5020
76,191,5056
77,184,5092
78,184,5128
79,163,5171
80,163,5205
81,163,5232
82,128,5273
83,119,5312
84,119,5336
85,119,5361
86,119,5387
87,119,5416
88,119,5455
89,112,5494
90,106,5527
91,101,5567
92,101,5597
93,100,5633
94,100,5662
95,82,5701
96,82,5737
97,70,5776
98,70,5827
99,70,5860
100,70,5888
101,70,5914
102,66,5948
103,66,5978
104,66,6003
105,66,6028
106,66,6052
107,65,6089
108,65,6133
109,46,6172
110,46,6197
111,46,6221
112,42,6248
113,42,6275
114,42,6299
115,42,6325
116,42,6348
117,42,6372
118,42,6415
119,42,6440
120,42,6469
121,42,6499
122,42,6525
123,42,6550
124,42,6578
125,42,6604
126,42,6630
127,42,6654
128,42,6695
129,42,6721
130,42,6748
131,42,6775
132,42,6803
133,42,6830
134,42,6858
135,42,6886
136,42,6913
137,42,6938
138,42,6963
139,42,6987
140,42,7012
141,42,7040
142,42,7065
143,38,7091
144,38,7119
145,38,7143
146,38,7171
147,38,7195
148,38,7218
149,38,7242
150,38,7266
151,38,7290
152,38,7314
153,38,7337
154,38,7362
155,38,7386
156,38,7417
157,38,7440
158,38,7464
159,38,7501
160,38,7525
161,38,7549
162,38,7572
163,38,7595
164,38,7618
165,38,7640
166,38,7678
167,38,7702
168,38,7725
169,38,7751
170,38,7774
171,38,7797
172,38,7820
173,38,7844
174,38,7867
175,38,7890
176,38,7913
177,38,7937
178,38,7961
179,38,7990
180,38,8015
181,38,8038
182,38,8063
183,38,8088
184,38,8119
185,38,8142
186,38,8165
187,38,8188
188,38,8211
189,38,8234
190,38,8257
191,38,8279
192,38,8303
193,38,8326
194,38,8350
195,38,8373
196,38,8405
197,38,8429
198,38,8456
199,38,8483
200,38,8509
201,38,8531
202,38,8553
203,38,8578
204,38,8616
205,38,8642
206,38,8667
207,38,8694
208,38,8719
209,38,8745
210,38,8769
211,38,8793
212,38,8817
213,38,8842
214,38,8865
215,38,8889
216,38,8913
217,38,8940
218,38,8965
219,38,8990
220,38,9014
221,38,9038
222,38,9063
223,38,9088
224,38,9112
225,38,9135
226,38,9158
227,38,9181
228,38,9206
229,38,9229
230,38,9254
231,38,9275
232,38,9297
233,38,9319
234,38,9342
235,38,9363
236,38,9387
237,38,9411
238,38,9437
239,38,9464
240,38,9487
241,38,9510
242,38,9549
243,38,9575
244,38,9600
245,38,9623
246,38,9647
247,38,9671
248,38,9696
249,38,9720
250,38,9745
251,38,9769
252,38,9793
253,38,9816
254,38,9840
255,38,9868
256,38,9894
257,38,9918
258,38,9943
259,27,9982
260,27,10023
261,27,10047
262,27,10069
263,27,10090
264,27,10112
265,27,10135
266,27,10158
267,27,10180
268,27,10202
269,27,10225
270,27,10248
271,27,10274
272,27,10296
273,27,10318
274,27,10341
275,27,10366
276,27,10389
277,27,10411
278,27,10433
279,27,10456
280,27,10479
281,27,10501
282,27,10523
283,27,10544
284,27,10568
285,27,10590
286,27,10613
287,23,10643
288,23,10669
289,23,10694
290,23,10716
291,23,10739
292,23,10762
293,23,10784
294,23,10806
295,23,10828
296,23,10851
297,23,10874
298,23,10897
299,23,10919
300,23,10941
301,23,10966
302,23,10989
303,23,11022
304,23,11049
305,23,11084
306,23,11117
307,23,11146
308,23,11170
309,23,11194
310,23,11217
311,23,11241
312,23,11265
313,23,11288
314,23,11312
315,23,11336
316,23,11363
317,23,11388
318,23,11411
319,23,11438
320,23,11460
321,23,11483
322,23,11506
323,23,11529
324,23,11551
325,23,11574
326,23,11597
327,23,11620
328,23,11643
329,23,11666
330,23,11691
331,23,11719
332,23,11742
333,23,11764
334,23,11787
335,23,11815
336,23,11837
337,23,11860
338,23,11883
339,23,11906
340,23,11928
341,23,11953
342,23,11976
343,23,11999
344,23,12021
345,23,12044
346,23,12067
347,23,12090
348,23,12113
349,23,12136
350,23,12159
351,23,12186
352,23,12209
353,23,12232
354,23,12256
355,23,12278
356,23,12300
357,23,12324
358,23,12348
359,23,12371
360,23,12395
361,23,12424
362,23,12448
363,23,12472
364,23,12495
365,23,12518
366,23,12541
367,23,12570
368,23,12594
369,23,12618
370,23,12643
371,23,12666
372,23,12690
373,23,12715
374,23,12738
375,23,12761
376,23,12784
377,23,12807
378,23,12829
379,23,12851
380,23,12874
381,23,12897
382,23,12921
383,23,12949
384,23,12972
385,23,12995
386,23,13018
387,23,13042
388,23,13067
389,23,13089
390,23,13112
391,23,13135
392,23,13159
393,23,13182
394,23,13206
395,23,13228
396,23,13250
397,23,13272
398,23,13295
399,23,13324
400,23,13354
401,23,13376
402,23,13403
403,23,13426
404,23,13450
405,23,13473
406,23,13497
407,23,13521
408,23,13545
409,23,13568
410,23,13592
411,23,13617
412,23,13642
413,23,13667
414,23,13692
415,23,13722
416,23,13745
417,23,13767
418,23,13788
419,23,13810
420,23,13833
421,23,13856
422,23,13879
423,23,13902
424,23,13924
425,23,13947
426,23,13971
427,23,13994
428,23,14017
429,23,14039
430,23,14061
431,23,14088
432,23,14111
433,23,14134
434,23,14157
435,23,14179
436,23,14202
437,23,14225
438,23,14249
439,23,14272
440,23,14295
441,23,14318
442,23,14344
443,23,14367
444,23,14393
445,23,14416
446,23,14439
447,23,14467
448,23,14489
449,23,14511
450,23,14533
451,23,14556
452,23,14579
453,23,14602
454,23,14626
455,23,14650
456,23,14673
457,23,14696
458,23,14722
459,23,14745
460,23,14768
461,23,14792
462,23,14812
463,23,14838
464,23,14861
465,23,14884
466,23,14908
467,23,14932
468,23,14956
469,23,14980
470,23,15003
471,23,15027
472,23,15050
473,23,15073
474,23,15097
475,23,15120
476,23,15142
477,23,15165
478,23,15188
479,23,15216
480,23,15239
481,23,15262
482,23,15286
483,23,15310
484,23,15336
485,23,15361
486,23,15388
487,23,15414
488,23,15439
489,23,15464
490,23,15489
491,23,15513
492,23,15540
493,23,15565
494,23,15590
495,23,15617
496,23,15641
497,23,15666
498,23,15691
499,23,15715
500,23,15739
501,23,15761
502,23,15785
503,23,15807
504,23,15830
505,23,15855
506,23,15877
507,23,15900
508,23,15922
509,23,15945
510,23,15968
511,23,15995
512,23,16019
513,23,16042
514,23,16064
515,23,16087
516,23,16109
517,23,16132
518,23,16156
519,23,16181
520,23,16205
521,23,16227
522,23,16249
523,23,16275
524,23,16300
525,23,16323
526,23,16346
527,23,16374
528,23,16396
529,23,16419
530,23,16443
531,23,16467
532,23,16488
533,23,16509
534,23,16532
535,23,16554
536,23,16577
537,23,16599
538,23,16621
539,23,16644
540,23,16666
541,23,16688
542,23,16709
543,23,16734
544,23,16755
545,23,16778
546,23,16800
547,23,16822
548,23,16846
549,23,16868
550,23,16891
551,23,16913
552,23,16937
553,23,16959
554,23,16981
555,23,17004
556,23,17031
557,23,17054
558,23,17076
559,23,17101
560,23,17123
561,23,17145
562,23,17168
563,23,17191
564,23,17215
565,23,17238
566,23,17261
567,23,17282
568,23,17304
569,23,17336
570,23,17382
571,23,17423
572,23,17456
573,23,17486
574,23,17515
575,23,17550
576,23,17574
577,23,17599
578,23,17623
579,23,17649
580,23,17674
581,23,17698
582,23,17721
583,23,17743
584,23,17766
585,23,17788
586,23,17810
587,23,17833
588,23,17856
589,23,17878
590,23,17900
591,23,17927
592,23,17949
593,23,17971
594,23,17993
595,23,18016
596,23,18038
597,23,18061
598,23,18083
599,23,18105
600,23,18128
601,23,18151
602,23,18175
603,23,18197
604,23,18220
605,23,18243
606,23,18267
607,23,18295
608,23,18318
609,23,18339
610,23,18366
611,23,18389
612,23,18413
613,23,18436
614,23,18460
615,23,18483
616,23,18507
617,23,18530
618,23,18554
619,23,18579
620,23,18604
621,23,18632
622,23,18656
623,23,18684
624,23,18707
625,23,18731
626,23,18755
627,23,18778
628,23,18802
629,23,18826
630,23,18849
631,23,18873
632,23,18897
633,23,18920
634,23,18944
635,23,18969
636,23,19002
637,23,19032
638,23,19056
639,23,19085
640,23,19109
641,23,19131
642,23,19155
643,23,19177
644,23,19200
645,23,19224
646,23,19246
647,23,19269
648,23,19294
649,23,19318
650,23,19340
651,23,19366
652,23,19392
653,23,19417
654,23,19444
655,23,19474
656,23,19497
657,23,19520
658,23,19543
659,23,19566
660,23,19589
661,23,19612
662,23,19635
663,23,19658
664,23,19681
665,23,19703
666,23,19726
667,23,19749
668,23,19771
669,23,19793
670,23,19816
671,23,19841
672,23,19862
673,23,19882
674,23,19904
675,23,19926
676,23,19949
677,23,19970
678,23,19992
679,23,20014
680,23,20036
681,23,20059
682,23,20080
683,23,20103
684,23,20125
685,23,20147
686,23,20169
687,23,20194
688,23,20216
689,23,20239
690,23,20264
691,23,20290
692,23,20315
693,23,20339
694,23,20362
695,23,20385
696,23,20408
697,23,20432
698,23,20456
699,23,20479
700,23,20502
701,23,20525
702,23,20548
703,23,20575
704,23,20598
705,23,20622
706,23,20646
707,23,20669
708,23,20692
709,23,20716
710,23,20739
711,23,20762
712,23,20785
713,23,20810
714,23,20834
715,23,20857
716,23,20880
717,23,20903
718,23,20926
719,23,20954
720,23,20975
721,23,20996
722,23,21017
723,23,21039
724,23,21060
725,23,21081
726,23,21103
727,23,21125
728,23,21147
729,23,21169
730,23,21190
731,23,21211
732,23,21233
733,23,21254
734,23,21277
735,23,21303
736,23,21326
737,23,21351
738,23,21375
739,23,21399
740,23,21422
741,23,21447
742,23,21470
743,23,21495
744,23,21519
745,23,21545
746,23,21569
747,23,21592
748,23,21616
749,23,21640
750,23,21664
751,23,21691
752,23,21714
753,23,21737
754,23,21759
755,23,21781
756,23,21805
757,23,21826
758,23,21848
759,23,21870
760,23,21894
761,23,21917
762,23,21940
763,23,21962
764,23,21987
765,23,22009
766,23,22031
767,23,22058
768,23,22081
769,23,22103
770,23,22125
771,23,22147
772,23,22170
773,23,22194
774,23,22217
775,23,22240
776,23,22263
777,23,22289
778,23,22312
779,23,22335
780,23,22358
781,23,22381
782,23,22405
783,23,22435
784,23,22458
785,23,22481
786,23,22504
787,23,22528
788,23,22551
789,23,22575
790,23,22598
791,23,22620
792,23,22644
793,23,22667
794,23,22690
795,23,22713
796,23,22736
797,23,22759
798,23,22781
799,23,22809
800,23,22830
801,23,22851
802,23,22873
803,23,22895
804,23,22918
805,23,22941
806,23,22963
807,23,22986
808,23,23008
809,23,23031
810,23,23054
811,23,23077
812,23,23099
813,23,23122
814,23,23145
815,23,23170
816,23,23193
817,23,23218
818,23,23243
819,23,23269
820,23,23301
821,23,23329
822,23,23357
823,23,23386
824,23,23414
825,23,23445
826,23,23474
827,23,23499
828,23,23525
829,23,23551
830,23,23577
831,23,23605
832,23,23630
833,23,23654
834,23,23679
835,23,23702
836,23,23725
837,23,23748
838,23,23771
839,23,23795
840,23,23819
841,23,23842
842,23,23865
843,23,23889
844,23,23913
845,23,23936
846,23,23959
847,23,23986
848,23,24007
849,23,24029
850,23,24051
851,23,24075
852,23,24098
853,23,24122
854,23,24145
855,23,24167
856,23,24190
857,23,24211
858,23,24243
859,23,24271
860,23,24293
861,23,24318
862,23,24344
863,23,24370
864,23,24394
865,23,24418
866,23,24442
867,23,24464
868,23,24488
869,23,24511
870,23,24535
871,23,24558
872,23,24581
873,23,24606
874,23,24629
875,23,24652
876,23,24675
877,23,24706
878,23,24727
879,23,24753
880,23,24774
881,23,24796
882,23,24817
883,23,24839
884,23,24861
885,23,24884
886,23,24906
887,23,24930
888,23,24953
889,23,24976
890,23,24998
891,23,25021
892,23,25043
893,23,25065
894,23,25087
895,23,25115
896,23,25137
897,23,25159
898,23,25181
899,23,25203
900,23,25226
901,23,25249
902,23,25273
903,23,25295
904,23,25317
905,23,25339
906,23,25361
907,23,25383
908,23,25406
909,23,25428
910,23,25450
911,23,25477
912,23,25499
913,23,25520
914,23,25542
915,23,25563
916,23,25585
917,23,25608
918,23,25630
919,23,25652
920,23,25674
921,23,25696
922,23,25718
923,23,25748
924,23,25771
925,23,25794
926,23,25816
927,23,25840
928,23,25863
929,23,25884
930,23,25906
931,23,25929
932,23,25951
933,23,25973
934,23,25995
935,23,26017
936,23,26038
937,23,26060
938,23,26082
939,23,26105
940,23,26126
941,23,26148
942,23,26169
943,23,26194
944,23,26216
945,23,26239
946,23,26263
947,23,26285
948,23,26307
949,23,26329
950,23,26351
951,23,26372
952,23,26395
953,23,26418
954,23,26439
955,23,26462
956,23,26484
957,23,26506
958,23,26528
959,23,26553
960,23,26575
961,23,26598
962,23,26620
963,23,26642
964,23,26664
965,23,26686
966,23,26708
967,23,26731
968,23,26753
969,23,26775
970,23,26797
971,23,26819
972,23,26841
973,23,26863
974,23,26886
975,23,26915
976,23,26937
977,23,26967
978,23,27000
979,23,27026
980,23,27051
981,23,27073
982,23,27096
983,23,27119
984,23,27140
985,23,27162
986,23,27184
987,23,27207
988,23,27229
989,23,27253
990,23,27277
991,23,27306
992,23,27330
993,23,27354
994,23,27377
995,23,27403
996,23,27426
997,23,27449
998,23,27473
999,23,27497
1000,23,27521
1001,23,27545
1002,23,27569
1003,23,27594
1004,23,27617
1005,23,27640
1006,23,27663
1007,23,27690
1008,23,27715
1009,23,27740
1010,23,27767
1011,23,27794
1012,23,27820
1013,23,27845
1014,23,27869
1015,23,27892
1016,23,27915
1017,23,27937
1018,23,27960
1019,23,27982
1020,23,28004
1021,23,28026
1022,23,28048
1023,23,28080
1024,23,28105
1025,23,28129
1026,23,28152
1027,23,28175
1028,23,28199
1029,23,28225
1030,23,28261
1031,23,28302
1032,23,28342
1033,23,28371
1034,23,28396
1035,23,28420
1036,23,28444
1037,23,28471
1038,23,28496
1039,23,28524
1040,23,28553
1041,23,28578
1042,23,28602
1043,23,28626
1044,23,28648
1045,23,28670
1046,23,28694
1047,23,28716
1048,23,28738
1049,23,28761
1050,23,28783
1051,23,28806
1052,23,28829
1053,23,28854
1054,23,28877
1055,23,28904
1056,23,28926
1057,23,28949
1058,23,28974
1059,23,28998
1060,23,29021
1061,23,29043
1062,23,29066
1063,23,29089
1064,23,29110
1065,23,29132
1066,23,29154
1067,23,29177
1068,23,29200
1069,23,29224
1070,23,29247
1071,23,29273
1072,23,29296
1073,23,29318
1074,23,29341
1075,23,29364
1076,23,29388
1077,23,29410
1078,23,29433
1079,23,29456
1080,23,29479
1081,23,29502
1082,23,29524
1083,23,29547
1084,23,29569
1085,23,29593
1086,23,29616
1087,23,29641
1088,23,29663
1089,23,29686
1090,23,29708
1091,23,29731
1092,23,29754
1093,23,29776
1094,23,29798
1095,23,29820
1096,23,29843
1097,23,29866
1098,23,29889
1099,23,29911
1100,23,29935
1101,23,29958
1102,23,29982
1103,23,30006
1104,23,30028
1105,23,30050
1106,23,30073
1107,23,30096
1108,23,30119
1109,23,30142
1110,23,30164
1111,23,30188
1112,23,30210
1113,23,30240
1114,23,30262
1115,23,30289
1116,23,30312
1117,23,30337
1118,23,30362
1119,23,30392
1120,23,30417
1121,23,30443
1122,23,30468
1123,23,30494
1124,23,30520
1125,23,30545
1126,23,30570
1127,23,30594
1128,23,30617
1129,23,30641
1130,23,30664
1131,23,30687
1132,23,30710
1133,23,30733
1134,23,30757
1135,23,30785
1136,23,30808
1137,23,30831
1138,23,30856
1139,23,30880
1140,23,30903
1141,23,30926
1142,23,30949
1143,23,30973
1144,23,30996
1145,23,31019
1146,23,31043
1147,23,31066
1148,23,31092
1149,23,31120
1150,23,31143
1151,23,31172
1152,23,31196
1153,23,31220
1154,23,31244
1155,23,31267
1156,23,31291
1157,23,31314
1158,23,31338
1159,23,31360
1160,23,31384
1161,23,31407
1162,23,31430
1163,23,31454
1164,23,31476
1165,23,31499
1166,23,31522
1167,23,31548
1168,23,31569
1169,23,31591
1170,23,31612
1171,23,31633
1172,23,31655
1173,23,31678
1174,23,31700
1175,23,31722
1176,23,31745
1177,23,31767
1178,23,31789
1179,23,31811
1180,23,31833
1181,23,31855
1182,23,31877
1183,23,31902
1184,23,31928
1185,23,31961
1186,23,31987
1187,23,32014
1188,23,32039
1189,23,32064
1190,23,32086
1191,23,32109
1192,23,32132
1193,23,32154
1194,23,32177
1195,23,32201
1196,23,32227
1197,23,32255
1198,23,32298
1199,23,32348
1200,23,32380
1201,23,32412
1202,23,32438
1203,23,32466
1204,23,32492
1205,23,32518
1206,23,32547
1207,23,32573
1208,23,32596
1209,23,32620
1210,23,32643
1211,23,32668
1212,23,32691
1213,23,32715
1214,23,32738
1215,23,32767
1216,23,32790
1217,23,32813
1218,23,32837
1219,23,32860
1220,23,32885
1221,23,32908
1222,23,32932
1223,23,32955
1224,23,32978
1225,23,33000
1226,23,33023
1227,23,33046
1228,23,33070
1229,23,33093
1230,23,33116
1231,23,33143
1232,23,33168
1233,23,33191
1234,23,33217
1235,23,33240
1236,23,33267
1237,23,33290
1238,23,33313
1239,23,33336
1240,23,33361
1241,23,33385
1242,23,33410
1243,23,33435
1244,23,33461
1245,23,33485
1246,23,33510
1247,23,33540
1248,23,33565
1249,23,33589
1250,23,33612
1251,23,33635
1252,23,33658
1253,23,33681
1254,23,33704
1255,23,33728
1256,23,33751
1257,23,33774
1258,23,33797
1259,23,33821
1260,23,33845
1261,23,33869
1262,23,33892
1263,23,33919
1264,23,33943
1265,23,33964
1266,23,33985
1267,23,34007
1268,23,34029
1269,23,34051
1270,23,34072
1271,23,34094
1272,23,34116
1273,23,34137
1274,23,34160
1275,23,34183
1276,23,34207
1277,23,34229
1278,23,34251
1279,23,34276
1280,23,34298
1281,23,34320
1282,23,34343
1283,23,34365
1284,23,34387
1285,23,34409
1286,23,34431
1287,23,34453
1288,23,34475
1289,23,34497
1290,23,34518
1291,23,34539
1292,23,34561
1293,23,34583
1294,23,34605
1295,23,34631
1296,23,34653
1297,23,34675
1298,23,34697
1299,23,34720
1300,23,34742
1301,23,34763
1302,23,34784
1303,23,34806
1304,23,34828
1305,23,34851
1306,23,34874
1307,23,34897
1308,23,34919
1309,23,34941
1310,23,34963
1311,23,34988
1312,23,35010
1313,23,35032
1314,23,35054
1315,23,35076
1316,23,35098
1317,23,35120
1318,23,35142
1319,23,35164
1320,23,35186
1321,23,35210
1322,23,35232
1323,23,35254
1324,23,35276
1325,23,35298
1326,23,35320
1327,23,35350
1328,23,35379
1329,23,35401
1330,23,35423
1331,23,35445
1332,23,35468
1333,23,35490
1334,23,35513
1335,23,35535
1336,23,35558
1337,23,35581
1338,23,35604
1339,23,35626
1340,23,35650
1341,23,35673
1342,23,35695
1343,23,35721
1344,23,35744
1345,23,35767
1346,23,35789
1347,23,35812
1348,23,35834
1349,23,35856
1350,23,35879
1351,23,35901
1352,23,35924
1353,23,35945
1354,23,35967
1355,23,35989
1356,23,36012
1357,23,36034
1358,23,36056
1359,23,36082
1360,23,36105
1361,23,36129
1362,23,36162
1363,23,36192
1364,23,36218
1365,23,36250
1366,23,36276
1367,23,36301
1368,23,36326
1369,23,36350
1370,23,36374
1371,23,36397
1372,23,36420
1373,23,36443
1374,23,36466
1375,23,36493
1376,23,36519
1377,23,36543
1378,23,36567
1379,23,36590
1380,23,36613
1381,23,36636
1382,23,36660
1383,23,36681
1384,23,36704
1385,23,36726
1386,23,36749
1387,23,36771
1388,23,36793
1389,23,36818
1390,23,36841
1391,23,36867
1392,23,36893
1393,23,36915
1394,23,36937
1395,23,36959
1396,23,36982
1397,23,37005
1398,23,37028
1399,23,37050
1400,23,37072
1401,23,37095
1402,23,37117
1403,23,37141
1404,23,37164
1405,23,37189
1406,23,37212
1407,23,37238
1408,23,37259
1409,23,37281
1410,23,37305
1411,23,37327
1412,23,37349
1413,23,37373
1414,23,37395
1415,23,37418
1416,23,37441
1417,23,37463
1418,23,37486
1419,23,37509
1420,23,37531
1421,23,37555
1422,23,37577
1423,23,37604
1424,23,37626
1425,23,37651
1426,23,37679
1427,23,37714
1428,23,37750
1429,23,37788
1430,23,37817
1431,23,37844
1432,23,37870
1433,23,37894
1434,23,37918
1435,23,37941
1436,23,37970
1437,23,37997
1438,23,38024
1439,23,38053
1440,23,38078
1441,23,38102
1442,23,38126
1443,23,38151
1444,23,38175
1445,23,38200
1446,23,38226
1447,23,38254
1448,23,38284
1449,23,38309
1450,23,38336
1451,23,38361
1452,23,38386
1453,23,38410
1454,23,38436
1455,23,38471
1456,23,38494
1457,23,38518
1458,23,38542
1459,23,38568
1460,23,38603
1461,23,38645
1462,23,38678
1463,23,38709
1464,23,38737
1465,23,38764
1466,23,38794
1467,23,38818
1468,23,38841
1469,23,38863
1470,23,38886
1471,23,38914
1472,23,38937
1473,23,38961
1474,23,38984
1475,23,39009
1476,23,39032
1477,23,39056
1478,23,39080
1479,23,39103
1480,23,39126
1481,23,39149
1482,23,39175
1483,23,39200
1484,23,39229
1485,23,39254
1486,23,39277
1487,23,39305
1488,23,39329
1489,23,39353
1490,23,39377
1491,23,39401
1492,23,39426
1493,23,39451
1494,23,39476
1495,23,39500
1496,23,39524
1497,23,39548
1498,23,39572
1499,23,39594
1500,23,39616
1501,23,39638
1502,23,39661
1503,23,39689
1504,23,39712
1505,23,39735
1506,23,39759
1507,23,39782
1508,23,39806
1509,23,39829
1510,23,39852
1511,23,39873
1512,23,39895
1513,23,39919
1514,23,39941
1515,23,39964
1516,23,39986
1517,23,40009
1518,23,40035
1519,23,40066
1520,23,40093
1521,23,40119
1522,23,40148
1523,23,40176
1524,23,40202
1525,23,40226
1526,23,40249
1527,23,40272
1528,23,40294
1529,23,40318
1530,23,40341
1531,23,40364
1532,23,40386
1533,23,40409
1534,23,40431
1535,23,40458
1536,23,40480
1537,23,40503
1538,23,40525
1539,23,40547
1540,23,40569
1541,23,40592
1542,23,40616
1543,23,40639
1544,23,40661
1545,23,40684
1546,23,40707
1547,23,40727
1548,23,40749
1549,23,40771
1550,23,40795
1551,23,40821
1552,23,40843
1553,23,40865
1554,23,40887
1555,23,40911
1556,23,40932
1557,23,40954
1558,23,40976
1559,23,40997
1560,23,41020
1561,23,41043
1562,23,41065
1563,23,41089
1564,23,41112
1565,23,41136
1566,23,41161
1567,23,41194
1568,23,41218
1569,23,41241
1570,23,41265
1571,23,41287
1572,23,41311
1573,23,41335
1574,23,41358
1575,23,41380
1576,23,41404
1577,23,41426
1578,23,41449
1579,23,41472
1580,23,41497
1581,23,41524
1582,23,41547
1583,23,41575
1584,23,41599
1585,23,41622
1586,23,41645
1587,23,41668
1588,23,41691
1589,23,41715
1590,23,41738
1591,23,41762
1592,23,41787
1593,23,41821
1594,23,41848
1595,23,41873
1596,23,41896
1597,23,41920
1598,23,41943
1599,23,41970
1600,23,41994
1601,23,42018
1602,23,42041
1603,23,42065
1604,23,42088
1605,23,42112
1606,23,42134
1607,23,42157
1608,23,42182
1609,23,42209
1610,23,42235
1611,23,42259
1612,23,42283
1613,23,42307
1614,23,42330
1615,23,42358
1616,23,42383
1617,23,42408
1618,23,42432
1619,23,42456
1620,23,42482
1621,23,42506
1622,23,42529
1623,23,42552
1624,23,42575
1625,23,42599
1626,23,42621
1627,23,42644
1628,23,42667
1629,23,42690
1630,23,42713
1631,23,42739
1632,23,42761
1633,23,42784
1634,23,42808
1635,23,42831
1636,23,42853
1637,23,42876
1638,23,42900
1639,23,42923
1640,23,42946
1641,23,42970
1642,23,42993
1643,23,43015
1644,23,43036
1645,23,43057
1646,23,43079
1647,23,43107
1648,23,43134
1649,23,43162
1650,23,43186
1651,23,43211
1652,23,43236
1653,23,43260
1654,23,43285
1655,23,43309
1656,23,43333
1657,23,43358
1658,23,43382
1659,23,43407
1660,23,43432
1661,23,43456
1662,23,43481
1663,23,43509
1664,23,43531
1665,23,43553
1666,23,43575
1667,23,43598
1668,23,43620
1669,23,43643
1670,23,43666
1671,23,43689
1672,23,43709
1673,23,43729
1674,23,43751
1675,23,43775
1676,23,43798
1677,23,43820
1678,23,43841
1679,23,43865
1680,23,43889
1681,23,43911
1682,23,43933
1683,23,43955
1684,23,43978
1685,23,44000
1686,23,44023
1687,23,44046
1688,23,44068
1689,23,44091
1690,23,44114
1691,23,44139
1692,23,44162
1693,23,44185
1694,23,44206
1695,23,44231
1696,23,44253
1697,23,44277
1698,23,44300
1699,23,44324
1700,23,44350
1701,23,44380
1702,23,44407
1703,23,44442
1704,23,44475
1705,23,44510
1706,23,44543
1707,23,44567
1708,23,44591
1709,23,44614
1710,23,44637
1711,23,44664
1712,23,44685
1713,23,44707
1714,23,44737
1715,23,44767
1716,23,44800
1717,23,44841
1718,23,44870
1719,23,44910
1720,23,44940
1721,23,44968
1722,23,44995
1723,23,45024
1724,23,45056
1725,23,45082
1726,23,45106
1727,23,45134
1728,23,45157
1729,23,45185
1730,23,45209
1731,23,45234
1732,23,45258
1733,23,45282
1734,23,45306
1735,23,45332
1736,23,45359
1737,23,45393
1738,23,45424
1739,23,45456
1740,23,45486
1741,23,45512
1742,23,45539
1743,23,45571
1744,23,45597
1745,23,45626
1746,23,45665
1747,23,45693
1748,23,45720
1749,23,45749
1750,23,45777
1751,23,45802
1752,23,45826
1753,23,45850
1754,23,45874
1755,23,45898
1756,23,45921
1757,23,45944
1758,23,45967
1759,23,45997
1760,23,46021
1761,23,46044
1762,23,46067
1763,23,46091
1764,23,46115
1765,23,46138
1766,23,46161
1767,23,46184
1768,23,46207
1769,23,46230
1770,23,46253
1771,23,46276
1772,23,46298
1773,23,46320
1774,23,46343
1775,23,46370
1776,23,46393
1777,23,46414
1778,23,46436
1779,23,46458
1780,23,46504
1781,23,46557
1782,23,46606
1783,23,46656
1784,23,46710
1785,23,46765
1786,23,46822
1787,23,46848
1788,23,46889
1789,23,46935
1790,23,46963
1791,23,46993
1792,23,47018
1793,23,47042
1794,23,47068
1795,23,47095
1796,23,47120
1797,23,47142
1798,23,47165
1799,23,47188
1800,23,47212
1801,23,47235
1802,23,47258
1803,23,47281
1804,23,47304
1805,23,47327
1806,23,47349
1807,23,47379
1808,23,47401
1809,23,47423
1810,23,47446
1811,23,47470
1812,23,47495
1813,23,47517
1814,23,47541
1815,23,47565
1816,23,47588
1817,23,47611
1818,23,47635
1819,23,47658
1820,23,47681
1821,23,47704
1822,23,47727
1823,23,47754
1824,23,47775
1825,23,47796
1826,23,47817
1827,23,47839
1828,23,47863
1829,23,47885
1830,23,47908
1831,23,47931
1832,23,47953
1833,23,47976
1834,23,47999
1835,23,48022
1836,23,48045
1837,23,48067
1838,23,48089
1839,23,48118
1840,23,48140
1841,23,48165
1842,23,48192
1843,23,48215
1844,23,48239
1845,23,48264
1846,23,48287
1847,23,48311
1848,23,48335
1849,23,48359
1850,23,48384
1851,23,48410
1852,23,48434
1853,23,48458
1854,23,48481
1855,23,48510
1856,23,48532
1857,23,48554
1858,23,48576
1859,23,48598
1860,23,48620
1861,23,48642
1862,23,48664
1863,23,48686
1864,23,48708
1865,23,48730
1866,23,48752
1867,23,48777
1868,23,48800
1869,23,48822
1870,23,48844
1871,23,48873
1872,23,48896
1873,23,48919
1874,23,48941
1875,23,48964
1876,23,48987
1877,23,49010
1878,23,49033
1879,23,49056
1880,23,49080
1881,23,49107
1882,23,49130
1883,23,49153
1884,23,49175
1885,23,49199
1886,23,49221
1887,23,49247
1888,23,49269
1889,23,49292
1890,23,49315
1891,23,49338
1892,23,49361
1893,23,49384
1894,23,49406
1895,23,49428
1896,23,49452
1897,23,49473
1898,23,49495
1899,23,49517
1900,23,49539
1901,23,49562
1902,23,49585
1903,23,49613
1904,23,49636
1905,23,49659
1906,23,49681
1907,23,49705
1908,23,49729
1909,23,49753
1910,23,49776
1911,23,49796
1912,23,49817
1913,23,49838
1914,23,49860
1915,23,49884
1916,23,49906
1917,23,49928
1918,23,49950
1919,23,49975
1920,23,49997
1921,23,50020
1922,23,50042
1923,23,50066
1924,23,50090
1925,23,50122
1926,23,50145
1927,23,50168
1928,23,50191
1929,23,50214
1930,23,50237
1931,23,50260
1932,23,50283
1933,23,50306
1934,23,50328
1935,23,50356
1936,23,50377
1937,23,50399
1938,23,50420
1939,23,50441
1940,23,50463
1941,23,50485
1942,23,50507
1943,23,50529
1944,23,50551
1945,23,50573
1946,23,50595
1947,23,50618
1948,23,50641
1949,23,50663
1950,23,50685
1951,23,50711
1952,23,50733
1953,23,50755
1954,23,50777
1955,23,50799
1956,23,50821
1957,23,50844
1958,23,50867
1959,23,50889
1960,23,50911
1961,23,50933
1962,23,50955
1963,23,50977
1964,23,50999
1965,23,51021
1966,23,51043
1967,23,51069
1968,23,51096
1969,23,51123
1970,23,51151
1971,23,51177
1972,23,51201
1973,23,51225
1974,23,51250
1975,23,51275
1976,23,51297
1977,23,51320
1978,23,51342
1979,23,51366
1980,23,51390
1981,23,51414
1982,23,51438
1983,23,51466
1984,23,51488
1985,23,51510
1986,23,51532
1987,23,51554
1988,23,51576
1989,23,51599
1990,23,51621
1991,23,51643
1992,23,51665
1993,23,51688
1994,23,51710
1995,23,51734
1996,23,51756
1997,23,51778
1998,23,51801
1999,23,51828
2000,23,51851
2001,23,51873
2002,23,51895
2003,23,51916
2004,23,51938
2005,23,51960
2006,23,51982
2007,23,52003
2008,23,52026
2009,23,52048
2010,23,52070
2011,23,52097
2012,23,52118
2013,23,52140
2014,23,52162
2015,23,52190
2016,23,52212
2017,23,52234
2018,23,52257
2019,23,52279
2020,23,52301
2021,23,52323
2022,23,52346
2023,23,52368
2024,23,52390
2025,23,52412
2026,23,52434
2027,23,52456
2028,23,52478
2029,23,52500
2030,23,52523
2031,23,52548
2032,23,52569
2033,23,52592
2034,23,52615
2035,23,52637
2036,23,52659
2037,23,52682
2038,23,52704
2039,23,52726
2040,23,52748
2041,23,52771
2042,23,52792
2043,23,52815
2044,23,52837
2045,23,52859
2046,23,52881
2047,23,52908
2048,23,52930
2049,23,52951
2050,23,52973
2051,23,52995
2052,23,53017
2053,23,53040
2054,23,53062
2055,23,53087
2056,23,53110
2057,23,53133
2058,23,53156
2059,23,53180
2060,23,53203
2061,23,53229
2062,23,53255
2063,23,53287
2064,23,53313
2065,23,53338
2066,23,53361
2067,23,53385
2068,23,53411
2069,23,53434
2070,23,53457
2071,23,53481
2072,23,53504
2073,23,53528
2074,23,53552
2075,23,53575
2076,23,53599
2077,23,53622
2078,23,53645
2079,23,53674
2080,23,53695
2081,23,53719
2082,23,53741
2083,23,53763
2084,23,53785
2085,23,53806
2086,23,53829
2087,23,53851
2088,23,53874
2089,23,53897
2090,23,53922
2091,23,53945
2092,23,53968
2093,23,53991
2094,23,54014
2095,23,54041
2096,23,54064
2097,23,54087
2098,23,54110
2099,23,54135
2100,23,54159
2101,23,54185
2102,23,54210
2103,23,54235
2104,23,54260
2105,23,54285
2106,23,54310
2107,23,54335
2108,23,54359
2109,23,54386
2110,23,54411
2111,23,54436
2112,23,54459
2113,23,54482
2114,23,54506
2115,23,54531
2116,23,54554
2117,23,54578
2118,23,54601
2119,23,54624
2120,23,54647
2121,23,54671
2122,23,54694
2123,23,54719
2124,23,54742
2125,23,54765
2126,23,54788
2127,23,54816
2128,23,54839
2129,23,54860
2130,23,54882
2131,23,54904
2132,23,54927
2133,23,54949
2134,23,54972
2135,23,54994
2136,23,55016
2137,23,55038
2138,23,55064
2139,23,55087
2140,23,55108
2141,23,55129
2142,23,55151
2143,23,55178
2144,23,55199
2145,23,55222
2146,23,55246
2147,23,55268
2148,23,55291
2149,23,55315
2150,23,55339
2151,23,55361
2152,23,55384
2153,23,55408
2154,23,55431
2155,23,55454
2156,23,55477
2157,23,55499
2158,23,55521
2159,23,55548
2160,23,55570
2161,23,55593
2162,23,55616
2163,23,55639
2164,23,55663
2165,23,55686
2166,23,55711
2167,23,55734
2168,23,55757
2169,23,55781
2170,23,55804
2171,23,55827
2172,23,55851
2173,23,55874
2174,23,55897
2175,23,55923
2176,23,55943
2177,23,55965
2178,23,55987
2179,23,56010
2180,23,56033
2181,23,56058
2182,23,56081
2183,23,56105
2184,23,56127
2185,23,56150
2186,23,56172
2187,23,56195
2188,23,56218
2189,23,56240
2190,23,56262
2191,23,56289
2192,23,56312
2193,23,56336
2194,23,56358
2195,23,56382
2196,23,56406
2197,23,56433
2198,23,56455
2199,23,56478
2200,23,56501
2201,23,56524
2202,23,56549
2203,23,56576
2204,23,56611
2205,23,56638
2206,23,56664
2207,23,56694
2208,23,56723
2209,23,56759
2210,23,56791
2211,23,56833
2212,23,56872
2213,23,56905
2214,23,56934
2215,23,56974
2216,23,57003
2217,23,57032
2218,23,57061
2219,23,57089
2220,23,57119
2221,23,57146
2222,23,57173
2223,23,57205
2224,23,57231
2225,23,57259
2226,23,57286
2227,23,57313
2228,23,57339
2229,23,57365
2230,23,57392
2231,23,57417
2232,23,57442
2233,23,57466
2234,23,57491
2235,23,57517
2236,23,57542
2237,23,57569
2238,23,57593
2239,23,57622
2240,23,57645
2241,23,57668
2242,23,57695
2243,23,57731
2244,23,57764
2245,23,57800
2246,23,57831
2247,23,57856
2248,23,57879
2249,23,57902
2250,23,57924
2251,23,57946
2252,23,57969
2253,23,57993
2254,23,58017
2255,23,58048
2256,23,58074
2257,23,58101
2258,23,58126
2259,23,58152
2260,23,58178
2261,23,58202
2262,23,58226
2263,23,58250
2264,23,58274
2265,23,58298
2266,23,58321
2267,23,58346
2268,23,58370
2269,23,58395
2270,23,58419
2271,23,58446
2272,23,58469
2273,23,58492
2274,23,58515
2275,23,58538
2276,23,58563
2277,23,58586
2278,23,58610
2279,23,58633
2280,23,58657
2281,23,58680
2282,23,58706
2283,23,58730
2284,23,58753
2285,23,58776
2286,23,58799
2287,23,58826
2288,23,58849
2289,23,58872
2290,23,58895
2291,23,58918
2292,23,58941
2293,23,58963
2294,23,58986
2295,23,59009
2296,23,59031
2297,23,59057
2298,23,59081
2299,23,59105
2300,23,59127
2301,23,59150
2302,23,59173
2303,23,59201
2304,23,59224
2305,23,59247
2306,23,59270
2307,23,59294
2308,23,59317
2309,23,59340
2310,23,59363
2311,23,59385
2312,23,59408
2313,23,59431
2314,23,59454
2315,23,59478
2316,23,59501
2317,23,59524
2318,23,59548
2319,23,59576
2320,23,59599
2321,23,59621
2322,23,59643
2323,23,59665
2324,23,59688
2325,23,59711
2326,23,59734
2327,23,59756
2328,23,59779
2329,23,59801
2330,23,59825
2331,23,59846
2332,23,59868
2333,23,59891
2334,23,59913
2335,23,59938
2336,23,59960
2337,23,59983
2338,23,60006
2339,23,60029
2340,23,60052
2341,23,60079
2342,23,60104
2343,23,60129
2344,23,60152
2345,23,60177
2346,23,60200
2347,23,60223
2348,23,60247
2349,23,60271
2350,23,60295
2351,23,60323
2352,23,60347
2353,23,60372
2354,23,60396
2355,23,60419
2356,23,60442
2357,23,60465
2358,23,60488
2359,23,60511
2360,23,60534
2361,23,60557
2362,23,60581
2363,23,60603
2364,23,60626
2365,23,60649
2366,23,60672
2367,23,60698
2368,23,60719
2369,23,60741
2370,23,60764
2371,23,60787
2372,23,60809
2373,23,60833
2374,23,60855
2375,23,60878
2376,23,60900
2377,23,60923
2378,23,60945
2379,23,60968
2380,23,60991
2381,23,61014
2382,23,61039
2383,23,61066
2384,23,61090
2385,23,61113
2386,23,61136
2387,23,61159
2388,23,61182
2389,23,61205
2390,23,61227
2391,23,61250
2392,23,61273
2393,23,61295
2394,23,61318
2395,23,61340
2396,23,61363
2397,23,61387
2398,23,61410
2399,23,61435
2400,23,61456
2401,23,61478
2402,23,61500
2403,23,61522
2404,23,61546
2405,23,61568
2406,23,61591
2407,23,61614
2408,23,61636
2409,23,61660
2410,23,61684
2411,23,61707
2412,23,61730
2413,23,61753
2414,23,61776
2415,23,61804
2416,23,61827
2417,23,61849
2418,23,61873
2419,23,61898
2420,23,61934
2421,23,61960
2422,23,61988
2423,23,62015
2424,23,62043
2425,23,62068
2426,23,62093
2427,23,62116
2428,23,62140
2429,23,62163
2430,23,62186
2431,23,62213
2432,23,62236
2433,23,62259
2434,23,62283
2435,23,62305
2436,23,62328
2437,23,62351
2438,23,62375
2439,23,62398
2440,23,62421
2441,23,62444
2442,23,62468
2443,23,62491
2444,23,62514
2445,23,62538
2446,23,62562
2447,23,62589
2448,23,62613
2449,23,62636
2450,23,62660
2451,23,62681
2452,23,62702
2453,23,62725
2454,23,62752
2455,23,62778
2456,23,62805
2457,23,62830
2458,23,62855
2459,23,62881
2460,23,62906
2461,23,62931
2462,23,62956
2463,23,62987
2464,23,63012
2465,23,63036
2466,23,63063
2467,23,63089
2468,23,63114
2469,23,63140
2470,23,63167
2471,23,63193
2472,23,63217
2473,23,63241
2474,23,63266
2475,23,63290
2476,23,63316
2477,23,63341
2478,23,63368
2479,23,63397
2480,23,63420
2481,23,63443
2482,23,63467
2483,23,63490
2484,23,63513
2485,23,63536
2486,23,63559
2487,23,63583
2488,23,63606
2489,23,63629
2490,23,63652
2491,23,63677
2492,23,63698
2493,23,63720
2494,23,63742
2495,23,63768
2496,23,63791
2497,23,63814
2498,23,63836
2499,23,63859
2500,23,63882
2501,23,63905
2502,23,63927
2503,23,63950
2504,23,63973
2505,23,63996
2506,23,64021
2507,23,64066
2508,23,64104
2509,23,64127
2510,23,64150
2511,23,64176
2512,23,64198
2513,23,64221
2514,23,64244
2515,23,64266
2516,23,64288
2517,23,64312
2518,23,64334
2519,23,64358
2520,23,64380
2521,23,64403
2522,23,64426
2523,23,64448
2524,23,64470
2525,23,64492
2526,23,64515
2527,23,64542
2528,23,64563
2529,23,64584
2530,23,64606
2531,23,64628
2532,23,64651
2533,23,64673
2534,23,64694
2535,23,64717
2536,23,64738
2537,23,64762
2538,23,64784
2539,23,64806
2540,23,64828
2541,23,64851
2542,23,64873
2543,23,64899
2544,23,64921
2545,23,64944
2546,23,64966
2547,23,64989
2548,23,65013
2549,23,65035
2550,23,65058
2551,23,65081
2552,23,65103
2553,23,65126
2554,23,65149
2555,23,65171
2556,23,65193
2557,23,65215
2558,23,65239
2559,23,65265
2560,23,65287
2561,23,65310
2562,23,65332
2563,23,65355
2564,23,65377
2565,23,65399
2566,23,65421
2567,23,65445
2568,23,65467
2569,23,65490
2570,23,65513
2571,23,65536
2572,23,65558
2573,23,65581
2574,23,65603
2575,23,65628
2576,23,65652
2577,23,65674
2578,23,65696
2579,23,65719
2580,23,65742
2581,23,65765
2582,23,65788
2583,23,65810
2584,23,65833
2585,23,65856
2586,23,65878
2587,23,65900
2588,23,65922
2589,23,65944
2590,23,65966
2591,23,65998
2592,23,66021
2593,23,66049
2594,23,66074
2595,23,66100
2596,23,66125
2597,23,66152
2598,23,66179
2599,23,66208
2600,23,66243
2601,23,66270
2602,23,66296
2603,23,66321
2604,23,66344
2605,23,66366
2606,23,66396
2607,23,66422
2608,23,66445
2609,23,66467
2610,23,66491
2611,23,66513
2612,23,66536
2613,23,66559
2614,23,66580
2615,23,66602
2616,23,66624
2617,23,66648
2618,23,66671
2619,23,66694
2620,23,66716
2621,23,66739
2622,23,66761
2623,23,66787
2624,23,66808
2625,23,66831
2626,23,66854
2627,23,66877
2628,23,66899
2629,23,66922
2630,23,66945
2631,23,66968
2632,23,66993
2633,23,67016
2634,23,67039
2635,23,67062
2636,23,67085
2637,23,67108
2638,23,67130
2639,23,67156
2640,23,67176
2641,23,67198
2642,23,67220
2643,23,67242
2644,23,67264
2645,23,67288
2646,23,67310
2647,23,67332
2648,23,67354
2649,23,67376
2650,23,67398
2651,23,67420
2652,23,67442
2653,23,67464
2654,23,67486
2655,23,67511
2656,23,67534
2657,23,67558
2658,23,67581
2659,23,67605
2660,23,67627
2661,23,67650
2662,23,67673
2663,23,67695
2664,23,67718
2665,23,67740
2666,23,67763
2667,23,67788
2668,23,67810
2669,23,67832
2670,23,67854
2671,23,67879
2672,23,67901
2673,23,67923
2674,23,67946
2675,23,67969
2676,23,67995
2677,23,68020
2678,23,68045
2679,23,68071
2680,23,68094
2681,23,68119
2682,23,68144
2683,23,68168
2684,23,68194
2685,23,68219
2686,23,68244
2687,23,68274
2688,23,68298
2689,23,68321
2690,23,68344
2691,23,68366
2692,23,68389
2693,23,68411
2694,23,68434
2695,23,68457
2696,23,68481
2697,23,68503
2698,23,68526
2699,23,68547
2700,23,68568
2701,23,68590
2702,23,68612
2703,23,68638
2704,23,68660
2705,23,68683
2706,23,68707
2707,23,68731
2708,23,68758
2709,23,68784
2710,23,68813
2711,23,68846
2712,23,68875
2713,23,68905
2714,23,68932
2715,23,68958
2716,23,68984
2717,23,69010
2718,23,69035
2719,23,69062
2720,23,69085
2721,23,69111
2722,23,69134
2723,23,69157
2724,23,69181
2725,23,69209
2726,23,69233
2727,23,69257
2728,23,69281
2729,23,69305
2730,23,69328
2731,23,69351
2732,23,69374
2733,23,69397
2734,23,69421
2735,23,69446
2736,23,69470
2737,23,69491
2738,23,69513
2739,23,69535
2740,23,69557
2741,23,69580
2742,23,69602
2743,23,69625
2744,23,69647
2745,23,69669
2746,23,69692
2747,23,69715
2748,23,69737
2749,23,69760
2750,23,69783
2751,23,69811
2752,23,69834
2753,23,69857
2754,23,69880
2755,23,69903
2756,23,69927
2757,23,69950
2758,23,69975
2759,23,69998
2760,23,70021
2761,23,70045
2762,23,70068
2763,23,70091
2764,23,70115
2765,23,70137
2766,23,70160
2767,23,70186
2768,23,70210
2769,23,70233
2770,23,70256
2771,23,70278
2772,23,70301
2773,23,70327
2774,23,70351
2775,23,70375
2776,23,70399
2777,23,70422
2778,23,70451
2779,23,70478
2780,23,70505
2781,23,70535
2782,23,70561
2783,23,70591
2784,23,70616
2785,23,70642
2786,23,70665
2787,23,70688
2788,23,70712
2789,23,70735
2790,23,70759
2791,23,70783
2792,23,70806
2793,23,70829
2794,23,70852
2795,23,70876
2796,23,70899
2797,23,70923
2798,23,70945
2799,23,70974
2800,23,70995
2801,23,71017
2802,23,71040
2803,23,71062
2804,23,71085
2805,23,71108
2806,23,71131
2807,23,71153
2808,23,71176
2809,23,71198
2810,23,71222
2811,23,71244
2812,23,71268
2813,23,71292
2814,23,71317
2815,23,71346
2816,23,71367
2817,23,71388
2818,23,71410
2819,23,71432
2820,23,71454
2821,23,71476
2822,23,71500
2823,23,71522
2824,23,71545
2825,23,71568
2826,23,71591
2827,23,71616
2828,23,71650
2829,23,71688
2830,23,71726
2831,23,71775
2832,23,71803
2833,23,71828
2834,23,71854
2835,23,71877
2836,23,71899
2837,23,71926
2838,23,71951
2839,23,71976
2840,23,72003
2841,23,72029
2842,23,72053
2843,23,72077
2844,23,72101
2845,23,72125
2846,23,72149
2847,23,72178
2848,23,72201
2849,23,72225
2850,23,72249
2851,23,72274
2852,23,72297
2853,23,72319
2854,23,72341
2855,23,72363
2856,23,72386
2857,23,72408
2858,23,72431
2859,23,72454
2860,23,72477
2861,23,72498
2862,23,72520
2863,23,72545
2864,23,72568
2865,23,72592
2866,23,72615
2867,23,72637
2868,23,72658
2869,23,72681
2870,23,72703
2871,23,72726
2872,23,72749
2873,23,72770
2874,23,72791
2875,23,72812
2876,23,72834
2877,23,72856
2878,23,72878
2879,23,72909
2880,23,72940
2881,23,72963
2882,23,72986
2883,23,73008
2884,23,73032
2885,23,73054
2886,23,73076
2887,23,73099
2888,23,73121
2889,23,73143
2890,23,73165
2891,23,73188
2892,23,73210
2893,23,73233
2894,23,73256
2895,23,73283
2896,23,73304
2897,23,73326
2898,23,73348
2899,23,73370
2900,23,73393
2901,23,73415
2902,23,73437
2903,23,73461
2904,23,73484
2905,23,73506
2906,23,73529
2907,23,73551
2908,23,73574
2909,23,73597
2910,23,73620
2911,23,73646
2912,23,73667
2913,23,73689
2914,23,73711
2915,23,73733
2916,23,73755
2917,23,73777
2918,23,73799
2919,23,73821
2920,23,73844
2921,23,73866
2922,23,73889
2923,23,73912
2924,23,73935
2925,23,73958
2926,23,73982
2927,23,74011
2928,23,74032
2929,23,74053
2930,23,74074
2931,23,74095
2932,23,74116
2933,23,74138
2934,23,74160
2935,23,74182
2936,23,74205
2937,23,74227
2938,23,74250
2939,23,74271
2940,23,74294
2941,23,74317
2942,23,74340
2943,23,74365
2944,23,74387
2945,23,74408
2946,23,74429
2947,23,74451
2948,23,74473
2949,23,74495
2950,23,74517
2951,23,74539
2952,23,74562
2953,23,74584
2954,23,74606
2955,23,74627
2956,23,74649
2957,23,74672
2958,23,74694
2959,23,74723
2960,23,74747
2961,23,74769
2962,23,74791
2963,23,74814
2964,23,74836
2965,23,74858
2966,23,74882
2967,23,74907
2968,23,74933
2969,23,74956
2970,23,74988
2971,23,75013
2972,23,75039
2973,23,75062
2974,23,75085
2975,23,75113
2976,23,75138
2977,23,75161
2978,23,75187
2979,23,75212
2980,23,75239
2981,23,75264
2982,23,75289
2983,23,75314
2984,23,75337
2985,23,75360
2986,23,75383
2987,23,75405
2988,23,75429
2989,23,75450
2990,23,75472
2991,23,75498
2992,23,75520
2993,23,75543
2994,23,75565
2995,23,75588
2996,23,75610
2997,23,75633
2998,23,75657
2999,23,75682
3000,23,75707
3001,23,75735
3002,23,75761
3003,23,75794
3004,23,75823
3005,23,75852
3006,23,75879
3007,23,75911
3008,23,75938
3009,23,75964
3010,23,75988
3011,23,76012
3012,23,76037
3013,23,76061
3014,23,76086
3015,23,76110
3016,23,76134
3017,23,76158
3018,23,76183
3019,23,76207
3020,23,76230
3021,23,76255
3022,23,76279
3023,23,76310
3024,23,76332
3025,23,76355
3026,23,76379
3027,23,76405
3028,23,76432
3029,23,76456
3030,23,76479
3031,23,76501
3032,23,76524
3033,23,76546
3034,23,76568
3035,23,76591
3036,23,76613
3037,23,76635
3038,23,76657
3039,23,76684
3040,23,76706
3041,23,76729
3042,23,76752
3043,23,76775
3044,23,76798
3045,23,76821
3046,23,76844
3047,23,76867
3048,23,76890
3049,23,76915
3050,23,76946
3051,23,76973
3052,23,76995
3053,23,77019
3054,23,77043
3055,23,77071
3056,23,77094
3057,23,77116
3058,23,77139
3059,23,77161
3060,23,77184
3061,23,77207
3062,23,77230
3063,23,77253
3064,23,77276
3065,23,77299
3066,23,77321
3067,23,77343
3068,23,77366
3069,23,77389
3070,23,77414
3071,23,77446
3072,23,77473
3073,23,77497
3074,23,77522
3075,23,77547
3076,23,77573
3077,23,77598
3078,23,77624
3079,23,77648
3080,23,77675
3081,23,77700
3082,23,77725
3083,23,77750
3084,23,77776
3085,23,77801
3086,23,77826
3087,23,77855
3088,23,77880
3089,23,77905
3090,23,77931
3091,23,77959
3092,23,77987
3093,23,78014
3094,23,78042
3095,23,78070
3096,23,78096
3097,23,78121
3098,23,78145
3099,23,78171
3100,23,78196
3101,23,78220
3102,23,78244
3103,23,78274
3104,23,78297
3105,23,78320
3106,23,78343
3107,23,78367
3108,23,78390
3109,23,78414
3110,23,78436
3111,23,78458
3112,23,78480
3113,23,78503
3114,23,78526
3115,23,78549
3116,23,78572
3117,23,78599
3118,23,78625
3119,23,78652
3120,23,78674
3121,23,78696
3122,23,78718
3123,23,78741
3124,23,78764
3125,23,78787
3126,23,78810
3127,23,78834
3128,23,78856
3129,23,78880
3130,23,78903
3131,23,78930
3132,23,78953
3133,23,78975
3134,23,78997
3135,23,79022
3136,23,79044
3137,23,79067
3138,23,79091
3139,23,79114
3140,23,79138
3141,23,79162
3142,23,79186
3143,23,79209
3144,23,79234
3145,23,79258
3146,23,79282
3147,23,79305
3148,23,79328
3149,23,79358
3150,23,79394
3151,23,79426
3152,23,79460
3153,23,79495
3154,23,79528
3155,23,79555
3156,23,79583
3157,23,79610
3158,23,79638
3159,23,79665
3160,23,79693
3161,23,79720
3162,23,79747
3163,23,79774
3164,23,79801
3165,23,79828
3166,23,79856
3167,23,79925
3168,23,79961
3169,23,79992
3170,23,80023
3171,23,80052
3172,23,80089
3173,23,80117
3174,23,80145
3175,23,80170
3176,23,80195
3177,23,80220
3178,23,80247
3179,23,80273
3180,23,80296
3181,23,80320
3182,23,80343
3183,23,80369
3184,23,80392
3185,23,80416
3186,23,80440
3187,23,80464
3188,23,80487
3189,23,80511
3190,23,80534
3191,23,80559
3192,23,80583
3193,23,80606
3194,23,80629
3195,23,80653
3196,23,80676
3197,23,80700
3198,23,80724
3199,23,80752
3200,23,80773
3201,23,80794
3202,23,80816
3203,23,80838
3204,23,80863
3205,23,80885
3206,23,80911
3207,23,80935
3208,23,80964
3209,23,80988
3210,23,81013
3211,23,81038
3212,23,81062
3213,23,81088
3214,23,81112
3215,23,81141
3216,23,81165
3217,23,81190
3218,23,81215
3219,23,81239
3220,23,81263
3221,23,81286
3222,23,81308
3223,23,81332
3224,23,81354
3225,23,81377
3226,23,81400
3227,23,81424
3228,23,81448
3229,23,81471
3230,23,81494
3231,23,81519
3232,23,81543
3233,23,81565
3234,23,81588
3235,23,81610
3236,23,81632
3237,23,81655
3238,23,81678
3239,23,81700
3240,23,81723
3241,23,81747
3242,23,81770
3243,23,81793
3244,23,81816
3245,23,81839
3246,23,81861
3247,23,81888
3248,23,81915
3249,23,81939
3250,23,81962
3251,23,81984
3252,23,82007
3253,23,82029
3254,23,82053
3255,23,82075
3256,23,82097
3257,23,82120
3258,23,82143
3259,23,82166
3260,23,82189
3261,23,82214
3262,23,82235
3263,23,82262
3264,23,82286
3265,23,82308
3266,23,82333
3267,23,82357
3268,23,82381
3269,23,82405
3270,23,82429
3271,23,82453
3272,23,82476
3273,23,82500
3274,23,82523
3275,23,82547
3276,23,82570
3277,23,82593
3278,23,82625
3279,23,82658
3280,23,82684
3281,23,82710
3282,23,82736
